"","alpha","gamma","ductal","acinar","beta","unclassified.endocrine","MHC.class.II","PSC","endothelial","epsilon","mast","delta"
"KIAA1324",1,1,0,1,1,1,0,0,0,1,0,1
"VTCN1",0,0,1,0,0,0,0,0,0,0,0,0
"ELF3",0,0,1,1,0,0,0,0,0,0,0,0
"GNG4",1,1,0,0,1,1,0,0,0,1,0,0
"CELA2A",0,0,0,1,0,0,0,0,0,0,0,0
"CTRC",0,0,0,1,0,0,0,0,0,0,0,0
"CELA3A",0,0,0,1,0,0,0,0,0,0,0,0
"SERINC2",0,0,1,1,0,0,0,0,0,0,0,0
"TINAGL1",0,0,1,0,0,0,0,0,0,0,0,0
"PDZK1IP1",0,0,1,1,0,0,0,0,0,0,0,0
"TACSTD2",0,0,1,1,0,0,0,0,0,0,0,0
"CNN3",0,0,1,1,0,0,0,1,1,0,0,0
"S100A11",0,0,1,1,0,0,1,1,1,0,1,0
"MUC1",0,0,0,1,0,0,0,0,0,0,0,0
"LAD1",0,0,1,1,0,0,0,0,0,0,0,0
"PIGR",0,0,1,1,0,1,0,0,0,0,0,0
"ERO1LB",1,1,0,1,1,1,0,0,0,0,0,1
"ANXA4",0,0,1,1,0,0,0,0,0,0,0,0
"ITGB6",0,0,1,1,0,1,0,0,0,0,0,0
"FAP",1,0,0,0,0,1,0,1,0,0,0,0
"RAMP1",0,0,0,1,0,0,0,0,0,0,0,0
"KIF1A",1,1,0,1,1,1,0,0,0,1,0,1
"SDC1",0,0,1,0,0,0,0,0,0,0,0,0
"SLC3A1",0,0,1,0,0,0,0,0,0,0,0,0
"EPCAM",1,1,1,1,1,1,0,0,0,1,0,1
"REG1A",0,0,0,1,0,0,0,0,0,0,0,0
"REG3A",0,0,0,1,0,0,0,0,0,0,0,0
"REG1B",0,0,0,1,0,0,0,0,0,0,0,0
"GCG",1,0,0,0,0,0,0,0,0,0,0,0
"G6PC2",0,0,0,0,1,0,0,0,0,0,0,0
"NEUROD1",1,1,0,0,1,1,0,0,0,1,0,1
"COL3A1",0,0,0,0,0,0,0,1,0,0,0,0
"IGFBP2",0,0,0,1,0,0,0,0,0,0,0,0
"CRYBA2",1,0,0,0,0,0,0,0,0,0,0,0
"PTPRN",1,1,0,0,1,1,0,0,0,1,0,1
"SCG2",1,1,0,0,1,1,0,1,0,1,0,1
"KCNMB2",1,1,0,0,1,1,0,0,0,0,0,1
"SEMA3B",0,0,1,1,0,1,0,0,0,0,0,0
"CPB1",0,0,0,1,0,0,0,0,0,0,0,0
"TM4SF1",0,0,1,1,0,0,0,0,1,0,0,0
"TM4SF4",1,1,0,0,0,0,0,0,0,1,0,0
"SST",0,0,0,0,0,0,0,0,0,0,0,1
"CLDN1",0,0,1,1,0,0,0,0,0,0,0,0
"MUC20",0,0,1,1,0,1,0,0,0,0,0,0
"SLC4A4",0,0,1,0,0,0,0,0,0,0,0,0
"PROM1",0,0,1,0,0,0,0,0,0,0,0,0
"HADH",0,0,0,0,1,0,0,0,0,0,0,1
"CPE",1,1,0,0,1,1,0,0,0,1,0,1
"UCHL1",1,1,0,0,1,1,0,1,0,1,0,1
"ALB",0,0,0,1,0,0,0,0,0,0,0,0
"ANXA3",0,0,1,0,0,0,0,0,0,0,0,0
"SPP1",0,0,1,0,0,0,0,0,0,0,0,0
"PDLIM3",0,0,1,0,0,0,0,0,0,0,0,0
"MAP1B",1,1,0,0,1,1,0,1,1,1,0,1
"CPLX2",1,1,0,0,1,1,0,0,0,1,0,1
"IRX2",1,0,0,0,0,1,0,0,0,0,0,0
"ISL1",1,1,0,0,1,1,0,0,0,1,0,1
"PPIC",0,0,1,1,0,0,0,1,1,0,0,0
"SPINK1",0,0,0,1,0,0,0,0,0,0,0,0
"SPARC",0,0,0,0,0,0,0,1,1,0,0,0
"SCGN",1,1,0,0,1,1,0,0,0,1,0,1
"SOX4",0,0,1,1,0,0,0,1,1,0,0,0
"CFB",0,0,1,1,0,0,0,0,0,0,0,0
"KCNK16",1,0,0,0,1,1,0,0,0,0,0,1
"GSTA1",0,0,0,1,0,0,0,0,0,0,0,0
"GSTA2",0,0,0,1,0,0,0,0,0,0,0,0
"RFX6",1,1,0,0,1,1,0,0,0,1,0,1
"CPA1",0,0,0,1,0,0,0,0,0,0,0,0
"CFTR",0,0,1,0,0,0,0,0,0,0,0,0
"AQP1",0,0,1,0,0,0,0,0,0,0,0,0
"CLDN4",0,0,1,1,0,0,0,0,0,0,0,0
"HEPACAM2",1,1,0,0,1,1,0,0,0,1,0,1
"COL1A2",0,0,0,0,0,0,0,1,0,0,0,0
"CPA2",0,0,0,1,0,0,0,0,0,0,0,0
"PRSS1",0,0,0,1,0,0,0,0,0,0,0,0
"TRPV6",0,0,1,0,0,0,0,0,0,0,0,0
"PRSS3P2",0,0,0,1,0,0,0,0,0,0,0,0
"RARRES2",0,0,0,1,0,0,0,0,0,0,0,0
"ENPP2",1,1,0,0,1,1,0,0,0,1,0,1
"TPD52",1,1,1,1,1,1,1,0,0,1,0,1
"SLC30A8",1,1,0,0,1,1,0,0,0,0,0,1
"DEFB1",0,0,1,1,0,1,0,0,0,1,0,0
"CLU",1,1,1,1,1,1,0,0,0,1,1,1
"STMN2",1,1,0,0,1,1,0,0,0,1,0,1
"NFIB",0,0,1,1,0,0,0,0,1,0,0,0
"PRSS3",0,0,0,1,0,0,0,0,0,0,0,0
"RASEF",0,0,1,1,0,1,0,0,0,0,0,0
"ALDOB",0,0,0,1,0,0,0,0,0,0,0,0
"LCN2",0,0,1,1,0,0,0,0,0,0,0,0
"ARX",1,1,0,0,0,1,0,0,0,1,0,0
"PCSK1N",1,1,0,0,1,1,0,0,0,1,0,1
"BEX1",1,1,0,0,1,1,0,0,0,1,0,1
"BGN",0,0,0,0,0,0,0,1,0,0,0,0
"CD24",0,0,1,1,0,0,0,0,0,0,0,0
"AKR1C3",0,0,0,1,0,0,0,0,0,0,0,0
"LOXL4",1,0,0,0,0,1,0,0,0,0,0,0
"GAD2",1,1,0,0,1,1,0,0,0,0,0,1
"RBP4",0,0,0,0,0,0,0,0,0,0,0,1
"PNLIP",0,0,0,1,0,0,0,0,0,0,0,0
"PNLIPRP2",0,0,0,1,0,0,0,0,0,0,0,0
"IFITM3",0,0,1,1,0,0,0,1,1,0,0,0
"IFITM2",0,0,1,0,0,0,0,1,1,0,1,0
"INS",0,0,0,0,1,0,0,0,0,0,0,0
"PAX6",1,1,0,0,1,1,0,0,0,0,0,1
"CD44",0,0,1,1,0,0,0,0,0,0,1,0
"MMP7",0,0,1,0,0,0,0,0,0,0,0,0
"SLC38A4",1,0,0,0,0,0,0,0,0,0,0,0
"MGST1",0,0,0,1,0,0,0,0,0,0,0,0
"BCAT1",0,0,0,1,0,0,0,0,0,0,0,0
"CNTN1",1,1,0,0,1,1,0,0,0,0,0,1
"KRT18",0,0,1,1,0,0,0,0,0,0,0,0
"IAPP",0,0,0,0,1,0,0,0,0,0,0,0
"KRT7",0,0,1,1,0,0,0,0,0,0,0,0
"KRT8",1,1,1,1,1,1,0,0,0,1,0,1
"PPP1R1A",1,0,0,0,1,1,0,0,0,0,0,1
"LYZ",0,0,0,1,0,0,1,0,0,0,0,0
"TSPAN8",0,0,1,0,0,0,0,0,0,0,0,0
"PLA2G1B",0,0,0,1,0,0,0,0,0,0,0,0
"COL4A2",0,0,0,0,0,0,0,1,1,0,0,0
"TC2N",0,0,0,1,0,0,0,0,0,0,0,0
"RNASE1",0,0,0,1,0,0,0,0,0,0,0,0
"LGALS3",0,0,1,1,0,0,1,1,0,0,0,0
"CHGA",1,1,0,0,1,1,0,0,0,1,0,1
"SERPINA5",0,0,1,0,0,0,0,0,0,0,0,0
"SERPINA4",0,0,1,1,0,1,0,0,0,0,0,0
"SERPINA3",0,0,1,1,0,0,0,0,0,0,0,0
"ALDH1A3",0,0,1,0,0,0,0,0,0,0,0,0
"SCG5",1,1,0,0,1,1,0,0,0,1,0,1
"GATM",0,0,1,1,0,0,0,0,0,0,0,0
"SCG3",1,1,0,0,1,1,0,0,0,1,0,1
"CTSH",0,0,1,1,0,0,1,0,0,0,0,0
"ANPEP",0,0,0,1,0,0,0,0,0,0,0,0
"IL32",0,0,0,1,0,0,0,0,0,0,0,0
"TMC5",0,0,1,1,0,1,0,0,0,0,0,0
"NUPR1",0,0,0,1,0,0,0,1,0,0,0,0
"PRSS8",0,0,1,1,0,0,0,0,0,0,0,0
"CTRB1",0,0,0,1,0,0,0,0,0,0,0,0
"CTRB2",0,0,0,1,0,0,0,0,0,0,0,0
"HSD17B2",0,0,1,0,0,0,0,0,0,0,0,0
"DPEP1",0,0,0,1,0,0,0,0,0,0,0,0
"ABCC3",0,0,1,1,0,0,0,0,0,0,0,0
"KCNH6",1,1,0,0,0,1,0,0,0,1,0,0
"GGT6",0,0,1,1,0,1,0,0,0,0,0,0
"KRT19",0,0,1,0,0,0,0,0,0,0,0,0
"PPY",0,1,0,0,0,0,0,0,0,0,0,0
"COL1A1",0,0,0,0,0,0,0,1,0,0,0,0
"TTR",1,1,0,0,1,1,0,0,0,1,0,1
"C3",0,0,1,1,0,1,0,0,0,0,0,0
"PPAP2C",0,0,1,0,0,0,0,0,0,0,0,0
"LRG1",0,0,1,1,0,1,0,0,0,0,0,0
"MIR7.3HG",1,1,0,0,1,1,0,0,0,0,0,1
"GDF15",0,0,1,1,0,0,0,0,0,0,0,0
"SPINT2",1,1,1,1,1,1,1,0,0,1,1,1
"LGALS4",0,0,1,0,0,0,0,0,0,0,0,0
"CXCL17",0,0,0,1,0,0,0,0,0,0,0,0
"CHGB",1,1,0,0,1,1,0,0,0,1,0,1
"SNAP25",1,1,0,0,1,1,0,0,0,1,0,1
"PCSK2",1,1,0,0,1,1,0,0,0,1,0,1
"SDC4",0,0,1,1,0,0,0,0,0,0,0,0
"COL18A1",0,0,1,0,0,0,0,1,0,0,0,0
"CDC42EP1",0,0,1,1,0,1,0,1,1,0,0,0
"LGALS2",0,0,0,1,0,0,0,0,0,0,0,0
"ADH1C",0,0,1,1,0,1,0,0,0,0,0,0
"PNLIPRP1",0,0,0,1,0,0,0,0,0,0,0,0
"COL4A1",0,0,0,0,0,0,0,1,1,0,0,0
"BACE2",0,0,1,1,0,0,0,0,0,0,0,0
"KLK1",0,0,0,1,0,0,0,0,0,0,0,0
"CLMN",0,0,1,1,0,0,0,0,0,0,0,0
"LGALS1",0,0,0,0,0,0,1,1,1,0,1,0
"ADCYAP1",0,0,0,0,1,0,0,0,0,0,0,0
"COL6A3",0,0,0,0,0,0,0,1,0,0,0,0
"CAPG",0,0,0,0,0,0,1,0,0,0,1,0
"PDIA2",0,0,0,1,0,0,0,0,0,0,0,0
"EHD2",0,0,1,1,0,1,0,1,1,0,0,0
"NGFRAP1",1,1,1,1,1,1,0,1,1,1,0,1
"DPP6",1,1,0,0,1,1,0,0,0,0,0,1
"SFRP2",0,0,0,0,0,0,0,1,0,0,0,0
"SYT4",1,1,0,0,1,1,0,0,0,1,0,1
"ITGA5",0,0,0,0,0,0,0,0,1,0,0,0
"INA",1,1,0,0,1,1,0,0,0,1,0,1
"PDGFRB",0,0,0,0,0,0,0,1,0,0,0,0
"CDH1",1,1,1,1,1,1,0,0,0,1,0,1
"MT1G",0,0,0,1,0,0,0,0,0,0,0,0
"GLS",1,0,0,0,0,0,0,0,0,0,0,0
"B3GNT7",0,0,0,1,0,0,0,0,0,0,0,0
"CD74",0,0,0,0,0,0,1,0,0,0,0,0
"OLFM4",0,0,1,1,0,1,0,0,0,0,0,0
"TPM1",0,0,1,1,0,0,0,1,0,0,0,0
"GNG11",0,0,0,0,0,0,0,1,1,0,0,0
"ERP27",0,0,0,1,0,0,0,0,0,0,0,0
"LUM",0,0,0,0,0,0,0,1,0,0,0,0
"TNFAIP2",0,0,0,0,0,0,1,0,0,0,0,0
"AMBP",0,0,1,1,0,0,0,0,0,0,0,0
"RHOV",0,0,1,1,0,1,0,0,0,0,0,0
"CA12",0,0,1,1,0,1,0,0,0,0,0,0
"DUSP26",1,1,0,0,1,1,0,0,0,1,0,1
"C1S",0,0,1,1,0,1,0,1,0,0,0,0
"TIMP1",0,0,0,0,0,0,0,1,0,0,0,0
"SEL1L3",0,0,1,1,0,0,0,0,0,0,0,0
"SPINT1",1,1,1,1,1,1,1,0,0,1,0,1
"CELA3B",0,0,0,1,0,0,0,0,0,0,0,0
"FAM129A",0,0,0,1,0,0,0,0,0,0,0,0
"TNFRSF12A",0,0,1,1,0,0,0,1,0,0,0,0
"SYCN",0,0,0,1,0,1,0,0,0,0,0,0
"ANGPTL4",0,0,0,1,0,0,0,1,0,0,0,0
"DUOX2",0,0,1,1,0,1,0,0,0,0,0,0
"DSP",1,1,1,1,1,1,0,0,0,1,0,1
"THBS1",0,0,0,0,0,0,0,0,1,0,0,0
"EDN1",0,0,1,1,0,1,0,0,0,0,0,0
"SPTSSB",0,0,0,0,0,0,0,0,0,1,0,0
"COL15A1",0,0,0,0,0,0,0,1,0,0,0,0
"NOTCH3",0,0,0,0,0,0,0,1,0,0,0,0
"NPTX2",0,0,0,0,1,0,0,0,0,0,0,0
"ATP10B",0,0,1,1,0,1,0,0,0,0,0,0
"EZR",1,1,1,1,1,1,1,0,0,1,0,1
"REG3G",0,0,0,1,0,0,0,0,0,0,0,0
"C15orf48",0,0,0,1,0,0,0,0,0,0,0,0
"LTBP1",0,0,0,0,0,0,0,1,0,0,0,0
"TUBB6",0,0,1,1,0,1,1,1,1,0,0,0
"PLVAP",0,0,0,0,0,0,0,0,1,0,0,0
"CEL",0,0,0,1,0,0,0,0,0,0,0,0
"HLA.DMA",0,0,0,0,0,0,1,0,0,0,0,0
"SPTBN1",1,1,1,1,1,1,0,1,1,1,1,1
"PTPRT",1,0,0,0,0,1,0,0,0,1,0,0
"HLA.DRB1",0,0,0,0,0,0,1,0,0,0,0,0
"FN1",0,0,0,0,0,0,0,1,0,0,0,0
"LOC100422737",0,0,1,1,0,1,0,0,0,0,0,0
"HEYL",0,0,0,0,0,0,0,1,0,0,0,0
"COL5A1",0,0,0,0,0,0,0,1,0,0,0,0
"PLCXD3",1,1,0,0,1,1,0,0,0,0,0,1
"DCN",0,0,0,0,0,0,0,1,0,0,0,0
"LAMC2",0,0,1,0,0,0,0,0,0,0,0,0
"CXCL16",0,0,1,1,0,0,1,0,0,0,0,0
"ETV1",0,1,0,0,0,0,0,0,0,0,0,0
"TIMP3",0,0,0,0,0,0,0,1,1,0,1,0
"KIF5C",1,1,0,0,1,1,0,0,0,1,0,1
"VAMP8",1,1,1,1,1,1,1,0,0,1,1,1
"AKR1B10",0,0,1,1,0,1,0,0,0,0,0,0
"MAFA",0,0,0,0,1,1,0,0,0,0,0,0
"PFN2",1,1,1,1,1,1,0,1,0,1,0,1
"SERPINE1",0,0,0,0,0,0,0,1,1,0,0,0
"GP2",0,0,0,1,0,0,0,0,0,0,0,0
"PTPRF",1,1,1,1,1,1,0,0,0,1,0,1
"MFGE8",0,0,0,0,0,0,0,1,0,0,0,0
"ALDH3A2",0,0,1,1,0,0,0,0,0,0,0,0
"B4GALT1",0,0,1,1,0,0,0,1,1,0,0,0
"PDK3",1,1,0,0,0,0,0,0,0,0,0,0
"HLA.DRA",0,0,0,0,0,0,1,0,0,0,0,0
"CFI",0,0,1,1,0,0,0,0,0,0,0,0
"CYYR1",0,0,0,0,1,1,0,0,1,0,0,0
"ONECUT1",0,0,1,1,0,1,0,0,0,0,0,0
"HMGCLL1",1,1,0,0,1,1,0,0,0,0,0,1
"TPST2",0,0,0,1,0,0,0,0,0,0,0,0
"NAA20",1,1,1,1,1,1,1,1,1,1,0,1
"PTRF",0,0,0,0,0,0,0,1,1,0,0,0
"PERP",1,1,1,1,1,1,0,1,0,1,0,1
"MYL9",0,0,0,0,0,0,0,1,0,0,0,0
"HLA.DPB1",0,0,0,0,0,0,1,0,0,0,0,0
"IFITM1",0,0,0,0,0,0,0,1,1,0,0,0
"COL6A2",0,0,0,0,0,0,0,1,0,0,0,0
"FMOD",0,0,0,0,0,0,0,1,0,0,0,0
"ENG",0,0,0,0,0,0,1,1,1,0,0,0
"NID1",0,0,0,0,0,0,0,1,0,0,0,0
"ITGB1",1,1,1,1,1,1,1,1,1,1,0,1
"ANXA1",0,0,0,0,0,0,1,1,0,0,1,0
"MSC",0,0,0,0,0,0,0,1,0,0,0,0
"HN1",0,0,1,1,0,0,0,0,0,0,0,0
"LAMA4",0,0,0,0,0,0,0,1,1,0,0,0
"MMP2",0,0,0,0,0,0,0,1,0,0,0,0
"HLA.DRB5",0,0,0,0,0,0,1,0,0,0,0,0
"RCN3",0,0,0,0,0,0,0,1,0,0,0,0
"CLIC4",0,0,0,0,0,0,0,1,1,0,0,0
"MEG3",0,0,0,0,1,0,0,0,0,0,0,0
"GOLM1",0,0,1,1,0,0,0,0,0,0,0,0
"F2R",0,0,0,0,0,0,0,1,0,0,0,0
"DDR1",1,1,1,1,1,1,0,0,0,1,0,1
"UGT2B15",0,0,1,1,0,1,0,0,0,0,0,0
"THBS2",0,0,0,0,0,0,0,1,0,0,0,0
"CYSTM1",1,1,1,1,1,1,1,1,1,1,0,1
"PODXL",0,0,0,0,0,0,0,0,1,0,0,0
"LEPR",0,0,0,0,0,0,0,0,0,0,0,1
"PXDN",0,0,0,0,0,0,0,1,1,0,0,0
"CYGB",0,0,0,0,0,0,0,1,0,0,0,0
"CDH11",0,0,0,0,0,0,0,1,0,0,0,0
"PFKFB2",0,0,0,0,1,0,0,0,0,0,0,0
"TUSC3",1,1,1,1,1,1,0,1,0,1,0,1
"EFNA1",0,0,0,0,0,0,0,0,1,0,0,0
"IGFBP4",0,0,0,0,0,0,0,1,1,0,0,0
"TMEM97",0,0,0,1,0,0,0,0,0,0,0,0
"SERPINA1",1,1,1,0,0,1,0,0,0,1,0,1
"IGFBP5",0,0,0,0,0,0,0,1,0,0,0,0
"SLC1A5",0,0,0,0,0,0,0,1,0,0,0,0
"VTN",0,0,0,0,0,0,0,0,0,1,0,0
"TPSB2",0,0,0,0,0,0,0,0,0,0,1,0
"AXL",0,0,0,0,0,1,0,1,0,0,0,0
"RAB27B",0,0,0,0,0,0,0,0,0,0,1,0
"GHRL",0,0,0,0,0,0,0,0,0,1,0,0
"DLK1",0,0,0,0,1,1,0,0,0,0,0,0
"GPNMB",0,0,0,0,0,0,1,1,0,0,0,0
"THY1",0,0,0,0,0,0,0,1,0,0,0,0
"ST14",0,0,1,1,0,0,0,0,0,0,0,0
"NPDC1",1,1,1,1,1,1,0,1,1,1,0,1
"TPSAB1",0,0,0,0,0,0,0,0,0,0,1,0
"COL5A2",0,0,0,0,0,0,0,1,0,0,0,0
"PLAT",0,0,0,0,0,0,0,1,0,0,0,0
"MCAM",0,0,0,0,0,0,0,0,1,0,0,0
"LAMC3",0,0,0,0,0,0,0,1,0,0,0,0
"MEIS2",0,1,0,0,0,0,0,0,0,1,0,0
"AHNAK",0,0,0,0,0,0,0,0,0,0,1,0
"DUSP4",0,0,0,1,0,0,0,0,0,0,0,0
"IFI16",0,0,0,0,0,0,1,1,1,0,0,0
"PLSCR1",1,1,1,1,1,1,1,1,1,1,0,1
"CD36",0,0,0,0,0,0,0,0,1,0,0,0
"CLPS",0,0,0,1,0,0,0,0,0,0,0,0
"SYNGR2",1,1,1,1,1,1,1,0,1,1,1,1
"TNFAIP6",0,0,0,0,0,0,0,1,0,0,0,0
"VCAN",0,0,0,0,0,0,0,1,0,0,0,0
"STC1",0,0,0,0,0,0,0,0,1,0,0,0
"HLA.DRB6",0,0,0,0,0,0,1,0,0,0,0,0
"FLT1",0,0,0,0,0,0,0,0,1,0,0,0
"TMEM123",1,1,1,1,1,1,1,1,1,1,0,1
"TRAM1",1,1,1,1,1,1,1,1,1,1,0,1
"CRISPLD2",0,0,0,0,0,0,0,1,0,0,0,0
"VSTM4",0,0,0,0,0,0,0,1,0,0,0,0
"EDNRA",0,0,0,0,0,0,0,1,0,0,0,0
"MXRA8",0,0,0,0,0,0,0,1,0,0,0,0
"SRPX2",0,0,0,0,0,0,0,1,0,0,0,0
"EGF",0,0,0,1,0,1,0,0,0,0,0,0
"SNAI2",0,0,0,0,0,0,0,1,0,0,0,0
"VMP1",1,1,1,1,1,1,1,1,1,1,0,1
"PECAM1",0,0,0,0,0,0,0,0,1,0,0,0
"ITGA11",0,0,0,0,0,0,0,1,0,0,0,0
"CPA3",0,0,0,0,0,0,0,0,0,0,1,0
"GEM",0,0,0,0,0,0,0,1,0,0,0,0
"FAM134B",0,0,0,1,0,0,0,0,0,0,0,0
"CTTN",1,1,1,1,1,1,0,1,1,1,0,1
"RGCC",0,0,0,0,0,0,0,0,1,0,0,0
"CTSK",0,0,0,0,0,0,0,1,0,0,0,0
"MRC2",0,0,0,0,0,0,0,1,0,0,0,0
"HLA.DPA1",0,0,0,0,0,0,1,0,0,0,0,0
"LINC01207",0,0,0,1,0,1,0,0,0,0,0,0
"TMED3",1,1,1,1,1,1,1,1,0,1,0,1
"LAPTM5",0,0,0,0,0,0,1,0,0,0,1,0
"PPAP2B",0,0,0,0,0,0,0,0,1,0,0,0
"SERPINI2",0,0,0,1,0,1,0,0,0,0,0,0
"TYMP",0,0,0,0,0,0,1,0,0,0,0,0
"LOC100506281",0,0,0,1,0,1,0,0,0,0,0,0
"AEBP1",0,0,0,0,0,0,0,1,0,0,0,0
"WNT5A",0,0,0,0,0,0,0,1,0,0,0,0
"TBX3",0,0,0,0,0,0,0,1,0,0,0,0
"MMP1",0,0,0,0,0,0,0,0,1,0,0,0
"CELA2B",0,0,0,1,0,1,0,0,0,0,0,0
"HLA.DMB",0,0,0,0,0,0,1,0,0,0,0,0
"RGS2",0,0,0,0,0,0,0,0,0,0,0,1
"GABRB3",0,0,0,0,0,0,0,0,0,0,0,1
"TPSD1",0,0,0,0,0,0,0,0,0,0,1,0
"SPON2",0,0,0,0,0,0,0,1,0,0,0,0
"IFI30",0,0,0,0,0,0,1,0,0,0,0,0
"PRDM1",0,0,0,0,0,0,0,0,1,0,0,0
"SIRPA",0,0,0,0,0,0,1,0,0,0,0,0
"ESAM",0,0,0,0,0,0,0,0,1,0,0,0
"TSPAN3",1,1,1,1,1,1,1,1,1,1,0,1
"ADAMTS2",0,0,0,0,0,0,0,1,0,0,0,0
"CYBRD1",0,0,0,0,0,0,0,1,0,0,0,0
"ARHGDIB",0,0,0,0,0,0,0,0,0,0,1,0
"HLA.DQB1",0,0,0,0,0,0,1,0,0,0,0,0
"TGFB1I1",0,0,0,0,0,0,0,1,0,0,0,0
"S1PR1",0,0,0,0,0,0,0,0,1,0,0,0
"GATA2",0,0,0,0,0,0,0,0,0,0,1,0
"PVRL2",1,1,1,1,1,1,1,1,1,1,0,1
"PCAT19",0,0,0,0,0,0,0,0,1,0,0,0
"PDE4DIP",1,1,1,1,1,1,1,1,0,1,0,1
"PRKCDBP",0,0,0,0,0,0,0,1,0,0,0,0
"LOXL2",0,0,0,0,0,0,0,1,0,0,0,0
"AQP8",0,0,0,1,0,1,0,0,0,0,0,0
"PCOLCE",0,0,0,0,0,0,0,1,0,0,0,0
"TM4SF18",0,0,0,0,0,0,0,0,1,0,0,0
"KDR",0,0,0,0,0,0,0,0,1,0,0,0
"TNFRSF21",1,1,1,1,1,1,0,1,0,1,0,1
"ELTD1",0,0,0,0,0,0,0,0,1,0,0,0
"TMEM59",1,1,1,1,1,1,1,1,1,1,0,1
"UCP2",0,0,0,0,0,0,1,0,0,0,0,0
"S100A4",0,0,0,0,0,0,0,0,0,0,1,0
"ITGA1",0,0,0,0,0,0,0,1,1,0,0,0
"F2RL3",0,0,0,0,0,0,0,0,1,0,0,0
"PRDX5",1,1,1,1,1,1,1,1,1,1,0,1
"INHBA",0,0,0,0,0,0,0,1,0,0,0,0
"LGALS3BP",1,1,1,1,1,1,0,1,0,1,0,1
"EMP3",0,0,0,0,0,0,1,1,0,0,1,0
"TPM2",0,0,0,0,0,0,0,1,0,0,0,0
"PLS1",1,1,1,1,1,1,0,0,0,1,0,1
"MMP11",0,0,0,0,0,0,0,1,0,0,0,0
"SRGN",0,0,0,0,0,0,1,0,0,0,1,0
"ADAMTS4",0,0,0,0,0,1,0,1,1,0,0,0
"LCP1",0,0,0,0,0,0,1,0,0,0,1,0
"MIR17HG",0,0,0,0,0,1,0,0,0,0,0,0
"UGDH",0,0,0,1,0,0,0,0,0,0,0,0
"PRRX1",0,0,0,0,0,1,0,1,0,0,0,0
"PIGT",1,1,1,1,1,1,1,1,1,1,0,1
"FCER1G",0,0,0,0,0,0,1,0,0,0,1,0
"ECM1",0,0,0,0,0,0,0,1,0,0,0,0
"HPGDS",0,0,0,0,0,0,0,0,0,0,1,0
"DST",1,1,1,1,1,1,0,1,0,1,0,1
"NPY1R",0,0,0,0,0,0,0,0,0,1,0,0
"ESM1",0,0,0,0,0,0,0,0,1,0,0,0
"BNIP3",1,1,1,1,1,1,0,1,1,1,0,1
"ERG",0,0,0,0,0,0,0,0,1,0,0,0
"ATP9A",1,1,1,1,1,1,0,1,0,1,0,1
"ITM2C",1,1,1,1,1,1,1,1,0,1,1,1
"ALOX5",0,0,0,0,0,0,0,0,0,0,1,0
"ANXA7",1,1,1,1,1,1,1,1,1,1,0,1
"FAM101B",0,0,0,0,0,0,0,0,1,0,0,0
"VWA5A",0,0,0,0,0,0,0,0,0,0,1,0
"COL6A1",0,0,0,0,0,0,0,1,0,0,0,0
"C1orf186",0,0,0,0,0,0,0,0,0,0,1,0
"TGFBI",0,0,0,0,0,0,1,1,0,0,0,0
"LAMP2",1,1,1,1,1,1,1,1,1,1,0,1
"CPVL",0,0,0,0,0,0,1,0,0,0,0,0
"ALOX5AP",0,0,0,0,0,0,0,0,0,0,1,0
"FRZB",0,0,0,0,0,0,0,0,0,1,0,0
"STK17B",0,0,0,0,0,0,0,0,0,0,1,0
"CLIC2",0,0,0,0,0,0,0,0,1,0,0,0
"ICA1",1,1,1,1,1,1,0,0,1,1,0,1
"ACVRL1",0,0,0,0,0,0,0,0,1,0,0,0
"NPTN",1,1,1,1,1,1,1,1,1,1,0,1
"MYO6",1,1,1,1,1,1,0,1,1,1,0,1
"DKK3",0,0,0,0,0,0,0,1,0,0,0,0
"SIGLEC6",0,0,0,0,0,0,0,0,0,0,1,0
"VWF",0,0,0,0,0,0,0,0,1,0,0,0
"KYNU",0,0,0,0,0,0,1,0,0,0,0,0
"CARD16",0,0,0,0,0,0,0,0,1,0,0,0
"CHMP2B",1,1,1,1,1,1,1,1,1,1,0,1
"CXCR4",0,0,0,0,0,0,0,0,1,0,0,0
"GPR116",0,0,0,0,0,0,0,0,1,0,0,0
"CD81",1,1,1,1,1,1,1,1,1,1,0,1
"TCF4",0,0,0,0,0,0,0,0,1,0,0,0
"LMNA",1,1,1,1,1,1,1,1,1,0,1,1
"DAAM2",0,0,0,0,0,1,0,0,0,0,0,0
"MTRNR2L10",0,0,0,0,0,1,0,0,0,0,0,0
"HINT1",1,1,1,1,1,1,1,1,1,1,0,1
"CLEC14A",0,0,0,0,0,0,0,0,1,0,0,0
"MYCT1",0,0,0,0,0,0,0,0,1,0,0,0
"HOOK1",1,1,1,1,1,1,0,0,0,1,0,1
"DYNLT1",1,1,1,1,1,1,1,1,1,1,0,1
"SAMSN1",0,0,0,0,0,0,0,0,0,0,1,0
"TYROBP",0,0,0,0,0,0,1,0,0,0,0,0
"CD53",0,0,0,0,0,0,1,0,0,0,1,0
"TESPA1",0,0,0,0,0,0,0,0,0,0,1,0
"RAB34",0,0,0,0,0,0,0,1,0,0,0,0
"IFI27",0,0,0,0,0,0,0,0,1,0,0,0
"MGLL",0,0,0,0,0,0,1,0,0,0,0,0
"MS4A2",0,0,0,0,0,0,0,0,0,0,1,0
"CD68",0,0,0,0,0,0,1,0,0,0,0,0
"CRTAP",1,1,1,1,1,1,1,1,1,0,1,1
"PNP",0,0,0,0,0,0,0,0,1,0,0,0
"PTGS1",0,0,0,0,0,0,0,0,0,0,1,0
"GPR4",0,0,0,0,0,0,0,0,1,0,0,0
"LMOD3",0,0,0,0,0,1,0,0,0,0,0,0
"ROBO4",0,0,0,0,0,0,0,0,1,0,0,0
"HCK",0,0,0,0,0,0,1,0,0,0,0,0
"SLAMF7",0,0,0,0,0,0,1,0,0,0,0,0
"MSRB1",0,0,0,1,0,0,0,0,0,0,0,0
"LOC101928834",0,0,0,0,0,0,0,0,0,0,1,0
"BMP1",0,0,0,0,0,0,0,1,0,0,0,0
"HLA.DQA1",0,0,0,0,0,0,1,0,0,0,0,0
"RGS10",0,0,0,0,0,0,0,0,0,0,1,0
"KIT",0,0,0,0,0,0,0,0,0,0,1,0
"NEDD9",0,0,0,0,0,0,0,0,1,0,0,0
"PPP1R9A",1,1,1,1,1,1,0,0,0,1,0,1
"CD93",0,0,0,0,0,0,0,0,1,0,0,0
"CD22",0,0,0,0,0,0,0,0,0,0,1,0
"CREG1",0,0,0,0,0,0,1,0,0,0,0,0
"RGS1",0,0,0,0,0,0,0,0,0,0,1,0
"PRR16",0,0,0,0,0,1,0,1,0,0,0,0
"PRKAR1A",1,1,1,1,1,1,1,1,1,1,0,1
"CD82",0,0,0,0,0,0,0,0,0,0,1,0
"NDUFC1",1,1,1,1,1,1,1,1,1,1,0,1
"ERCC_3.66210938.mix1_0.91552734.mix2",0,0,0,0,0,1,0,0,0,0,0,0
"ITGB2",0,0,0,0,0,0,1,0,0,0,0,0
"SERPINB9",0,0,0,0,0,0,0,0,1,0,0,0
"LTC4S",0,0,0,0,0,0,0,0,0,0,1,0
"PASK",0,0,0,0,0,0,0,0,1,0,0,0
"NDUFB9",1,1,1,1,1,1,1,1,1,1,0,1
"PLEK",0,0,0,0,0,0,1,0,0,0,0,0
"SEPT6",0,0,0,0,0,0,0,1,0,0,0,0
"PIK3R5",0,0,0,0,0,0,1,0,0,0,0,0
"ACP5",0,0,0,0,0,0,1,0,0,0,0,0
"SNN",0,0,0,0,0,0,1,0,0,0,0,0
"HSPA8",1,1,1,1,1,0,1,1,1,1,0,1
"CD86",0,0,0,0,0,0,1,0,0,0,0,0
"C1QC",0,0,0,0,0,0,1,0,0,0,0,0
"LOC100287792",0,0,0,0,0,1,0,0,0,0,0,0
"CES2",0,0,0,1,0,0,0,0,0,0,0,0
"BCL2A1",0,0,0,0,0,0,1,0,0,0,0,0
"CHMP1B",1,1,1,1,1,1,1,1,1,1,0,1
"ACSL4",0,0,0,0,0,0,0,0,0,0,1,0
"MS4A7",0,0,0,0,0,0,1,0,0,0,0,0
"ATPIF1",1,1,1,1,1,1,1,1,1,1,0,1
"TMEM173",0,0,0,0,0,0,0,0,1,0,0,0
"BATF",0,0,0,0,0,0,0,0,0,0,1,0
"SLC35F6",1,1,1,1,1,1,1,1,1,1,0,1
"GOLPH3",1,1,1,1,1,1,1,1,1,1,0,1
"MGST3",1,1,1,1,1,1,1,1,1,1,0,1
"MTRNR2L2",0,0,0,0,0,1,0,0,0,0,0,0
"HLA.DQA2",0,0,0,0,0,0,1,0,0,0,0,0
"C1QB",0,0,0,0,0,0,1,0,0,0,0,0
"BTK",0,0,0,0,0,0,1,0,0,0,0,0
"PLA2G7",0,0,0,0,0,0,1,0,0,0,0,0
"GMPR",0,0,0,0,0,0,0,0,0,0,1,0
"SNORA66",0,0,0,0,0,1,0,0,0,0,0,0
"ACSL1",0,0,0,0,0,0,0,0,0,1,0,0
"ANGPT2",0,0,0,0,0,0,0,0,1,0,0,0
"TNFRSF1B",0,0,0,0,0,0,1,0,0,0,0,0
"BPESC1",0,0,0,0,0,1,0,0,0,0,0,0
"NNMT",0,0,0,0,0,0,0,1,0,0,0,0
"LINC00852",0,0,0,0,0,0,0,0,0,1,0,0
"MS4A4A",0,0,0,0,0,0,1,0,0,0,0,0
"PRDX3",1,1,1,1,1,1,1,1,1,1,0,1
"PTPRS",1,1,1,1,1,1,0,1,0,1,0,1
"COL19A1",0,0,0,0,0,1,0,0,0,0,0,0
"SDS",0,0,0,0,0,0,1,0,0,0,0,0
"GPSM3",0,0,0,0,0,0,1,0,0,0,0,0
"SEL1L",1,1,1,1,1,1,1,1,1,1,0,1
"ERCC_0.22888184.mix1_0.05722046.mix2",0,0,0,0,0,1,0,0,0,0,0,0
"CD48",0,0,0,0,0,0,1,0,0,0,0,0
"MIR4461",0,0,0,0,0,1,0,0,0,0,0,0
"ARHGEF6",0,0,0,0,0,0,0,0,0,0,1,0
"IGSF6",0,0,0,0,0,0,1,0,0,0,0,0
"SLC2A4",0,0,0,0,0,1,0,0,0,0,0,0
"TSPYL1",1,1,1,1,1,1,1,1,1,1,0,1
"ZNF831",0,0,0,0,0,1,0,0,0,0,0,0
"LRRC25",0,0,0,0,0,0,1,0,0,0,0,0
"FGF23",0,0,0,0,0,1,0,0,0,0,0,0
"MARCKS",1,1,1,1,1,1,1,1,1,1,0,1
"NEUROD2",0,0,0,0,0,1,0,0,0,0,0,0
"RDX",1,1,1,1,1,1,1,1,1,1,0,1
"LSP1",0,0,0,0,0,0,1,0,0,0,0,0
"ERCC_0.91552734.mix1_1.83105469.mix2",0,0,0,0,0,1,0,0,0,0,0,0
"LINC00261",0,0,0,0,0,0,0,0,0,1,0,0
"RELL1",0,0,0,0,0,0,0,0,1,0,0,0
"RAC2",0,0,0,0,0,0,0,0,0,0,1,0
"SNORA75",0,0,0,0,0,1,0,0,0,0,0,0
"ERCC_0.11444092.mix1_0.11444092.mix2",0,0,0,0,0,1,0,0,0,0,0,0
"IKZF3",0,0,0,0,0,1,0,0,0,0,1,0
"GPR35",0,0,0,0,0,0,0,0,0,0,1,0
"ERCC_0.45776367.mix1_0.11444092.mix2",0,0,0,0,0,1,0,0,0,0,0,0
"NDFIP1",1,1,1,1,1,1,1,1,1,1,0,1
"DYNLL1",1,1,1,1,1,1,1,1,1,1,0,1
"BTNL3",0,0,0,0,0,1,0,0,0,0,0,0
"SMG1P1",0,0,0,0,0,1,0,0,0,0,0,0
"MYADML",0,0,0,0,0,1,0,0,0,0,0,0
"GPR183",0,0,0,0,0,0,1,0,0,0,0,0
"KHDC1L",0,0,0,0,0,1,0,0,0,0,0,0
"PARD3.AS1",0,0,0,0,0,1,0,0,0,0,0,0
"CYBB",0,0,0,0,0,0,1,0,0,0,0,0
"CACNA1C.AS2",0,0,0,0,0,1,0,0,0,0,0,0
"ZAN",0,0,0,0,0,1,0,0,0,0,0,0
"C10orf53",0,0,0,0,0,1,0,0,0,0,0,0
"SALL3",0,0,0,0,0,1,0,0,0,0,0,0
"NREP",0,0,0,0,0,0,0,1,0,0,0,0
"NKX3.1",0,0,0,0,0,1,0,0,0,0,0,0
"MIR6723",0,0,0,0,0,1,0,0,0,0,0,0
"ATP5I",1,1,1,1,1,1,1,1,1,1,0,1
"LOC101929173",0,0,0,0,0,1,0,0,0,0,0,0
"PP12613",0,0,0,0,0,1,0,0,0,0,0,0
"DCD",0,0,0,0,0,1,0,0,0,0,0,0
"HCG23",0,0,0,0,0,1,0,0,0,0,0,0
"SLCO1B1",0,0,0,0,0,1,0,0,0,0,0,0
"SLC39A2",0,0,0,0,0,1,0,0,0,0,0,0
"MIXL1",0,0,0,0,0,1,0,0,0,0,0,0
"RHO",0,0,0,0,0,1,0,0,0,0,0,0
"ODF3",0,0,0,0,0,1,0,0,0,0,0,0
"ZNF729",0,0,0,0,0,1,0,0,0,0,0,0
"LOC101927284",0,0,0,0,0,1,0,0,0,0,0,0
"MTRNR2L6",0,0,0,0,0,1,0,0,0,0,0,0
"AKR1D1",0,0,0,0,0,1,0,0,0,0,0,0
"ERCC_0.22888184.mix1_0.34332275.mix2",0,0,0,0,0,1,0,0,0,0,0,0
"ABCB5",0,0,0,0,0,1,0,0,0,0,0,0
"ACOX1",1,1,1,1,1,1,1,1,1,1,0,1
"TULP2",0,0,0,0,0,1,0,0,0,0,0,0
"CSNK1G2.AS1",0,0,0,0,0,1,0,0,0,0,0,0
"ERICH6B",0,0,0,0,0,1,0,0,0,0,0,0
"SLC22A20",0,0,0,0,0,1,0,0,0,0,0,0
"SLC15A3",0,0,0,0,0,0,1,0,0,0,0,0
"MUC2",0,0,0,0,0,1,0,0,0,0,0,0
"MUC22",0,0,0,0,0,1,0,0,0,0,0,0
"ABCC11",0,0,0,0,0,1,0,0,0,0,0,0
"LOC101927502",0,0,0,0,0,1,0,0,0,0,0,0
"ERCC_7.32421875.mix1_1.83105469.mix2",0,0,0,0,0,1,0,0,0,0,0,0
"LOC442028",0,0,0,0,0,1,0,0,0,0,0,0
"SIGLEC1",0,0,0,0,0,1,0,0,0,0,0,0
"ITIH1",0,0,0,0,0,1,0,0,0,0,0,0
"MTRNR2L5",0,0,0,0,0,1,0,0,0,0,0,0
"FBN3",0,0,0,0,0,1,0,0,0,0,0,0
"KNG1",0,0,0,0,0,1,0,0,0,0,0,0
"PIM1",0,0,0,0,0,0,1,0,0,0,0,0
"IGLL1",0,0,0,0,0,1,0,0,0,0,0,0
"BREA2",0,0,0,0,0,1,0,0,0,0,0,0
"LOC100287225",0,0,0,0,0,1,0,0,0,0,0,0
"OPALIN",0,0,0,0,0,1,0,0,0,0,0,0
"LINC00691",0,0,0,0,0,1,0,0,0,0,0,0
"LSMEM2",0,0,0,0,0,1,0,0,0,0,0,0
"LOC102724084",0,0,0,0,0,1,0,0,0,0,0,0
"LHX1",0,0,0,0,0,1,0,0,0,0,0,0
"MOB1A",0,0,0,0,0,0,1,0,0,0,0,0
"ADIPOQ",0,0,0,0,0,1,0,0,0,0,0,0
"ZNRF4",0,0,0,0,0,1,0,0,0,0,0,0
"LOC101927641",0,0,0,0,0,1,0,0,0,0,0,0
"UPK1A",0,0,0,0,0,1,0,0,0,0,0,0
"DEFB118",0,0,0,0,0,1,0,0,0,0,0,0
"BTLA",0,0,0,0,0,1,0,0,0,0,0,0
"NAT8B",0,0,0,0,0,1,0,0,0,0,0,0
"WFIKKN2",0,0,0,0,0,1,0,0,0,0,0,0
"SNORA20",0,0,0,0,0,1,0,0,0,0,0,0
"FOXR1",0,0,0,0,0,1,0,0,0,0,0,0
"KCNU1",0,0,0,0,0,1,0,0,0,0,0,0
"HOXC12",0,0,0,0,0,1,0,0,0,0,0,0
"OR7E91P",0,0,0,0,0,1,0,0,0,0,0,0
"THEMIS2",0,0,0,0,0,0,1,0,0,0,0,0
"LOC101928911",0,0,0,0,0,1,0,0,0,0,0,0
"CACTIN.AS1",0,0,0,0,0,1,0,0,0,0,0,0
"PAX5",0,0,0,0,0,1,0,0,0,0,0,0
"ANKRD62P1.PARP4P3",0,0,0,0,0,1,0,0,0,0,0,0
"RASGEF1C",0,0,0,0,0,1,0,0,0,0,0,0
"LOC100505918",0,0,0,0,0,1,0,0,0,0,0,0
"IGFL1",0,0,0,0,0,1,0,0,0,0,0,0
"LINC00254",0,0,0,0,0,1,0,0,0,0,0,0
"PHGR1",0,0,0,0,0,0,0,0,0,1,0,0
"SNORD113.9",0,0,0,0,0,1,0,0,0,0,0,0
"MIR4729",0,0,0,0,0,1,0,0,0,0,0,0
"FAM172BP",0,0,0,0,0,1,0,0,0,0,0,0
"ANXA13",0,0,0,0,0,0,0,0,0,1,0,0
"LOC101929106",0,0,0,0,0,1,0,0,0,0,0,0
"NPIPB6",0,0,0,0,0,1,0,0,0,0,0,0
"MGAT4A",0,0,0,0,0,0,0,0,0,1,0,0
"LOC101928093",0,0,0,0,0,1,0,0,0,0,0,0
"LINC01225",0,0,0,0,0,1,0,0,0,0,0,0
"PTPRD.AS2",0,0,0,0,0,1,0,0,0,0,0,0
"ERCC_0.22888184.mix1_0.22888184.mix2",0,0,0,0,0,1,0,0,0,0,0,0
"PNPLA1",0,0,0,0,0,1,0,0,0,0,0,0
"AICDA",0,0,0,0,0,1,0,0,0,0,0,0
"NBL1",0,0,0,0,0,1,0,0,0,0,0,0
"ACOT12",0,0,0,0,0,1,0,0,0,0,0,0
"DACT3.AS1",0,0,0,0,0,1,0,0,0,0,0,0
"NLRP12",0,0,0,0,0,1,0,0,0,0,0,0
"LOC102723641",0,0,0,0,0,1,0,0,0,0,0,0
"LINC00642",0,0,0,0,0,1,0,0,0,0,0,0
"SNORD114.9",0,0,0,0,0,1,0,0,0,0,0,0
"PET100",1,1,1,1,1,1,1,1,1,1,0,1
"CRYGC",0,0,0,0,0,1,0,0,0,0,0,0
"SNORD71",0,0,0,0,0,1,0,0,0,0,0,0
"BSX",0,0,0,0,0,1,0,0,0,0,0,0
"DUX2",0,0,0,0,0,1,0,0,0,0,0,0
"LOC100128006",0,0,0,0,0,1,0,0,0,0,0,0
"DDX5",1,1,1,1,1,0,1,1,1,1,1,1
"SNORD111B",0,0,0,0,0,1,0,0,0,0,0,0
"KRT24",0,0,0,0,0,1,0,0,0,0,0,0
"GNLY",0,0,0,0,0,1,0,0,0,0,0,0
"LOC100190986",0,0,0,0,0,1,0,0,0,0,0,0
"ACTN3",0,0,0,0,0,1,0,0,0,0,0,0
"OR52E8",0,0,0,0,0,1,0,0,0,0,0,0
"LOC100130452",0,0,0,0,0,1,0,0,0,0,0,0
"ZNF556",0,0,0,0,0,1,0,0,0,0,0,0
"UTS2R",0,0,0,0,0,1,0,0,0,0,0,0
"ZSCAN4",0,0,0,0,0,1,0,0,0,0,0,0
"OR56B1",0,0,0,0,0,1,0,0,0,0,0,0
"ERCC_3.66210938.mix1_3.66210938.mix2",0,0,0,0,0,1,0,0,0,0,0,0
"LOC284950",0,0,0,0,0,1,0,0,0,0,0,0
"BOLL",0,0,0,0,0,1,0,0,0,0,0,0
"SLC35G6",0,0,0,0,0,1,0,0,0,0,0,0
"LOC101927829",0,0,0,0,0,1,0,0,0,0,0,0
"NCAN",0,0,0,0,0,1,0,0,0,0,0,0
"IP6K3",0,0,0,0,0,1,0,0,0,0,0,0
"ERCC_0.91552734.mix1_1.37329102.mix2",0,0,0,0,0,1,0,0,0,0,0,0
"RNF151",0,0,0,0,0,1,0,0,0,0,0,0
"FGF18",0,0,0,0,0,1,0,0,0,0,0,0
"TSKS",0,0,0,0,0,1,0,0,0,0,0,0
"APOB",0,0,0,0,0,1,0,0,0,0,0,0
"PTH2R",0,0,0,0,0,1,0,0,0,0,0,0
"SPATA32",0,0,0,0,0,1,0,0,0,0,0,0
"SPDYC",0,0,0,0,0,1,0,0,0,0,0,0
"RAB10",1,1,1,1,1,1,1,1,1,1,0,1
"LOC400958",0,0,0,0,0,1,0,0,0,0,0,0
"HBA1",0,0,0,0,0,1,0,0,0,0,0,0
"SNORD116.4",0,0,0,0,0,1,0,0,0,0,0,0
"FAM166A",0,0,0,0,0,1,0,0,0,0,0,0
"CACNA1G",0,0,0,0,0,1,0,0,0,0,0,0
"STH",0,0,0,0,0,1,0,0,0,0,0,0
"ERCC_0.45776367.mix1_0.45776367.mix2",0,0,0,0,0,1,0,0,0,0,0,0
"LOC729609",0,0,0,0,0,1,0,0,0,0,0,0
"LOC100506675",0,0,0,0,0,1,0,0,0,0,0,0
"C8orf87",0,0,0,0,0,1,0,0,0,0,0,0
"RNASEK.C17orf49",0,0,0,0,0,1,0,0,0,0,0,0
"CCDC19",0,0,0,0,0,1,0,0,0,0,0,0
"DCLK3",0,0,0,0,0,1,0,0,0,0,0,0
"LINC01118",0,0,0,0,0,1,0,0,0,0,0,0
"CCL5",0,0,0,0,0,1,0,0,0,0,0,0
"FAM92B",0,0,0,0,0,1,0,0,0,0,0,0
"SPATS1",0,0,0,0,0,1,0,0,0,0,0,0
"LOC103091866",0,0,0,0,0,1,0,0,0,0,0,0
"SNORD90",0,0,0,0,0,1,0,0,0,0,0,0
"FLJ39080",0,0,0,0,0,1,0,0,0,0,0,0
"C14orf182",0,0,0,0,0,1,0,0,0,0,0,0
"ERCC_7.32421875.mix1_14.6484375.mix2",0,0,0,0,0,1,0,0,0,0,0,0
"RABAC1",1,1,1,1,1,1,1,1,1,1,0,1
"LINC00608",0,0,0,0,0,1,0,0,0,0,0,0
"UCHL1.AS1",0,0,0,0,0,1,0,0,0,0,0,0
"SNORD116.8",0,0,0,0,0,1,0,0,0,0,0,0
"DNAJB7",0,0,0,0,0,1,0,0,0,0,0,0
"LOC102724050",0,0,0,0,0,1,0,0,0,0,0,0
"GOLGA8I",0,0,0,0,0,1,0,0,0,0,0,0
"MIR1973",0,0,0,0,0,1,0,0,0,0,0,0
"EPHA1.AS1",0,0,0,0,0,1,0,0,0,0,0,0
"ANKRD33",0,0,0,0,0,1,0,0,0,0,0,0
"APOBEC4",0,0,0,0,0,1,0,0,0,0,0,0
"ACSBG2",0,0,0,0,0,1,0,0,0,0,0,0
"HSPA6",0,0,0,0,0,1,0,0,0,0,0,0
"HBA2",0,0,0,0,0,1,0,0,0,0,0,0
"MTRNR2L7",0,0,0,0,0,1,0,0,0,0,0,0
"CACNA1C.IT3",0,0,0,0,0,1,0,0,0,0,0,0
"KCNV2",0,0,0,0,0,1,0,0,0,0,0,0
"MIR3687",0,0,0,0,0,1,0,0,0,0,0,0
"DNAH3",0,0,0,0,0,1,0,0,0,0,0,0
"ANKLE1",0,0,0,0,0,1,0,0,0,0,0,0
"KCNN1",0,0,0,0,0,1,0,0,0,0,0,0
"LOC100996351",0,0,0,0,0,1,0,0,0,0,0,0
"C14orf180",0,0,0,0,0,1,0,0,0,0,0,0
"HMGCS2",0,0,0,0,0,0,0,0,0,1,0,0
"PPP3R2",0,0,0,0,0,1,0,0,0,0,0,0
"C1orf162",0,0,0,0,0,1,1,0,0,0,1,0
"TMEM88",0,0,0,0,0,1,0,0,1,0,0,0
"SLCO1C1",0,0,0,0,0,1,0,0,0,0,0,0
"EHMT1.IT1",0,0,0,0,0,1,0,0,0,0,0,0
"MTRNR2L9",0,0,0,0,0,1,0,0,0,0,0,0
"SLC5A11",0,0,0,0,0,1,0,0,0,0,0,0
"RPS6KA1",0,0,0,0,0,0,1,0,0,0,0,0
"IFT74.AS1",0,0,0,0,0,1,0,0,0,0,0,0
"DNAH2",0,0,0,0,0,1,0,0,0,0,0,0
"CPT1B",0,0,0,0,0,1,0,0,0,0,0,0
"ROPN1L.AS1",0,0,0,0,0,1,0,0,0,0,0,0
"NPTX1",0,0,0,0,0,1,0,0,0,0,0,0
"CCDC178",0,0,0,0,0,1,0,0,0,0,0,0
"COL11A2",0,0,0,0,0,1,0,0,0,0,0,0
"FAT3",0,0,0,0,0,1,0,0,0,0,0,0
"SNORA11",0,0,0,0,0,1,0,0,0,0,0,0
"LOC100132781",0,0,0,0,0,1,0,0,0,0,0,0
"C3orf67.AS1",0,0,0,0,0,1,0,0,0,0,0,0
"ERCC_29.296875.mix1_29.296875.mix2",0,0,0,0,0,1,0,0,0,0,0,0
"C9orf153",0,0,0,0,0,1,0,0,0,0,0,0
"NDUFA9",1,1,1,1,1,1,1,1,1,1,0,1
"ERCC_58.59375.mix1_14.6484375.mix2",0,0,0,0,0,1,0,0,0,0,0,0
"YIPF7",0,0,0,0,0,1,0,0,0,0,0,0
"REEP3",1,1,1,1,1,1,1,1,1,1,0,1
"TNNC2",0,0,0,0,0,1,0,0,0,0,0,0
"LINC00398",0,0,0,0,0,1,0,0,0,0,0,0
"MIR150",0,0,0,0,0,1,0,0,0,0,0,0
"BRSK1",0,0,0,0,0,1,0,0,0,0,0,0
"PWRN1",0,0,0,0,0,1,0,0,0,0,0,0
"IL21R",0,0,0,0,0,1,0,0,0,0,0,0
"GIPC3",0,0,0,0,0,1,0,0,0,0,0,0
"MBL1P",0,0,0,0,0,1,0,0,0,0,0,0
"ABCA4",0,0,0,0,0,1,0,0,0,0,0,0
"LOC101928737",0,0,0,0,0,1,0,0,0,0,0,0
"ARHGAP19.SLIT1",0,0,0,0,0,1,0,0,0,0,0,0
"DLL4",0,0,0,0,0,0,0,0,1,0,0,0
"APP",1,1,1,1,1,1,1,1,1,1,0,1
"MTRNR2L1",0,0,0,0,0,1,0,0,0,0,0,0
"ARMC12",0,0,0,0,0,1,0,0,0,0,0,0
"FAXDC2",0,0,0,0,0,0,0,0,0,1,0,0
"STAB2",0,0,0,0,0,1,0,0,0,0,0,0
"ERCC_3.66210938.mix1_5.49316406.mix2",0,0,0,0,0,1,0,0,0,0,0,0
"LOC642757",0,0,0,0,0,1,0,0,0,0,0,0
"SEC62",1,1,1,1,1,1,1,1,1,1,0,1
"LSAMP.AS1",0,0,0,0,0,1,0,0,0,0,0,0
"ERCC_14.6484375.mix1_21.9726563.mix2",0,0,0,0,0,1,0,0,0,0,0,0
"RNF114",1,1,1,1,1,1,1,1,1,1,0,1
"TCHH",0,0,0,0,0,1,0,0,0,0,0,0
"IL4",0,0,0,0,0,1,0,0,0,0,0,0
"LOC100129316",0,0,0,0,0,1,0,0,0,0,0,0
"FLJ42969",0,0,0,0,0,1,0,0,0,0,0,0
"SLC7A11.AS1",0,0,0,0,0,1,0,0,0,0,0,0
"LOC102577426",0,0,0,0,0,1,0,0,0,0,0,0
"WSB2",1,1,1,1,1,1,1,1,1,1,0,1
"SNORD116.26",0,0,0,0,0,1,0,0,0,0,0,0
"LOC101927211",0,0,0,0,0,1,0,0,0,0,0,0
"LOC284412",0,0,0,0,0,1,0,0,0,0,0,0
"ALS2CR12",0,0,0,0,0,1,0,0,0,0,0,0
"SNORA74B",0,0,0,0,0,1,0,0,0,0,0,0
"TGM1",0,0,0,0,0,1,0,0,0,0,0,0
"SLITRK2",0,0,0,0,0,1,0,0,0,0,0,0
"OXT",0,0,0,0,0,1,0,0,0,0,0,0
"HEXA",1,1,1,1,1,1,1,1,1,1,0,1
"GFRAL",0,0,0,0,0,1,0,0,0,0,0,0
"GPR6",0,0,0,0,0,1,0,0,0,0,0,0
"SNORD116.29",0,0,0,0,0,1,0,0,0,0,0,0
"TUFM",1,1,1,1,1,1,1,1,1,1,0,1
"SLC45A2",0,0,0,0,0,1,0,0,0,0,0,0
"MTRNR2L3",0,0,0,0,0,1,0,0,0,0,0,0
"PGM5P2",0,0,0,0,0,1,0,0,0,0,0,0
"NRN1L",0,0,0,0,0,1,0,0,0,0,0,0
"CIRBP",1,1,1,1,1,1,1,1,0,1,1,1
"FOXP1",1,1,1,1,1,1,1,1,0,1,1,1
"IRF5",0,0,0,0,0,0,1,0,0,0,0,0
"GPC6.AS1",0,0,0,0,0,1,0,0,0,0,0,0
"OPTN",1,1,1,1,1,1,0,1,1,1,0,1
"DPP7",1,1,1,1,1,1,1,1,0,1,0,1
"IZUMO2",0,0,0,0,0,1,0,0,0,0,0,0
"LOC100506497",0,0,0,0,0,1,0,0,0,0,0,0
"CPNE3",1,1,1,1,1,1,1,1,1,1,0,1
"RPA4",0,0,0,0,0,1,0,0,0,0,0,0
"LOC101929125",0,0,0,0,0,1,0,0,0,0,0,0
"PFN1P2",0,0,0,0,0,1,0,0,0,0,0,0
"SLC31A2",0,0,0,0,0,0,1,0,0,0,0,0
"LINC00475",0,0,0,0,0,1,0,0,0,0,0,0
"USH2A",0,0,0,0,0,1,0,0,0,0,0,0
"BSN.AS2",0,0,0,0,0,1,0,0,0,0,0,0
"CCDC62",0,0,0,0,0,1,0,0,0,0,0,0
"NELL2",0,0,0,0,0,1,0,0,0,0,0,0
"GLG1",1,1,1,1,1,1,1,1,1,1,0,1
"DCAF4L1",0,0,0,0,0,1,0,0,0,0,0,0
"LOC101927356",0,0,0,0,0,1,0,0,0,0,0,0
"WDR65",0,0,0,0,0,1,0,0,0,0,0,0
"WBP5",1,1,1,1,1,1,1,1,1,1,0,1
"PNMT",0,0,0,0,0,1,0,0,0,0,0,0
"TIMM13",1,1,1,1,1,1,1,1,1,1,0,1
"H1F0",1,1,1,1,1,1,1,1,1,1,0,1
"TFRC",1,1,1,1,1,1,1,1,1,1,0,1
"TMEM205",1,1,1,1,1,1,1,1,1,1,0,1
"SCUBE3",0,0,0,0,0,1,0,0,0,0,0,0
"SSUH2",0,0,0,0,0,1,0,0,0,0,0,0
"MIR3648",0,0,0,0,0,1,0,0,0,0,0,0
"PSMC4",1,1,1,1,1,1,1,1,1,1,0,1
"SMIM17",0,0,0,0,0,1,0,0,0,0,0,0
"ASAP1.IT1",0,0,0,0,0,1,0,0,0,0,0,0
"TBL1XR1",1,1,1,1,1,1,1,1,1,1,0,1
"SLC24A5",0,0,0,0,0,1,0,0,0,0,0,0
"TPH2",0,0,0,0,0,1,0,0,0,0,0,0
"MTCH2",1,1,1,1,1,1,1,1,1,1,0,1
"C1orf194",0,0,0,0,0,1,0,0,0,0,0,0
"SUCLG1",1,1,1,1,1,1,1,1,1,1,0,1
"TNFRSF18",0,0,0,0,0,1,0,0,0,0,0,0
"MGAM",0,0,0,0,0,1,0,0,0,0,0,0
"POLR2E",1,1,1,1,1,1,1,1,1,1,0,1
"CTBP1",1,1,1,1,1,1,1,1,1,1,0,1
"HIF3A",0,0,0,0,0,1,0,0,0,0,0,0
"MAP9",1,1,1,1,1,1,0,1,0,1,0,1
"GOLGA4",1,1,1,1,1,1,1,1,1,1,0,1
"ERCC_29.296875.mix1_58.59375.mix2",0,0,0,0,0,1,0,0,0,0,0,0
"TMX1",1,1,1,1,1,1,1,1,1,1,0,1
"OSTF1",0,0,0,0,0,0,1,0,0,0,0,0
"LOC375196",0,0,0,0,0,1,0,0,0,0,0,0
"LOC101054525",0,0,0,0,0,1,0,0,0,0,0,0
"HRNR",0,0,0,0,0,1,0,0,0,0,0,0
"ATOX1",1,1,1,1,1,1,1,1,1,1,0,1
"LINC00176",0,0,0,0,0,1,0,0,0,0,0,0
"SOX15",0,0,0,0,0,1,0,0,0,0,0,0
"CATSPERG",0,0,0,0,0,1,0,0,0,0,0,0
"FGF17",0,0,0,0,0,1,0,0,0,0,0,0
"NOSIP",1,1,1,1,1,1,1,1,1,1,0,1
"AMH",0,0,0,0,0,1,0,0,0,0,0,0
"PPM1N",0,0,0,0,0,1,0,0,0,0,0,0
"CCDC78",0,0,0,0,0,1,0,0,0,0,0,0
"CRHBP",0,0,0,0,0,1,0,0,0,0,0,0
"PTK7",0,0,0,0,0,0,0,1,0,0,0,0
"MRFAP1",1,1,1,1,1,1,1,1,1,1,0,1
"ERCC_29.296875.mix1_7.32421875.mix2",0,0,0,0,0,1,0,0,0,0,0,0
"MIR663A",0,0,0,0,0,1,0,0,0,0,0,0
"CDPF1",0,0,0,0,0,1,0,0,0,0,0,0
"TMEM151B",0,0,0,0,0,1,0,0,0,0,0,0
"LARP4B",1,1,1,1,1,1,1,1,1,1,0,1
"TDRD5",0,0,0,0,0,1,0,0,0,0,0,0
"LINC00312",0,0,0,0,0,1,0,0,0,0,0,0
"NUDT21",1,1,1,1,1,1,1,1,1,1,0,1
"NDUFB10",1,1,1,1,1,1,1,1,1,1,0,1
"PSMD13",1,1,1,1,1,1,1,1,1,1,0,1
"CTSL",1,1,1,1,1,1,1,1,1,1,0,1
"LRP1",0,0,0,0,0,0,0,1,0,0,0,0
"MLF2",1,1,1,1,1,1,1,1,1,1,0,1
"MYO9B",0,0,0,0,0,0,1,0,0,0,0,0
"ERCC_29.296875.mix1_43.9453125.mix2",0,0,0,0,0,1,0,0,0,0,0,0
"ATP6V0C",1,1,1,1,1,1,1,1,1,1,0,1
"SPG21",1,1,1,1,1,1,1,1,1,1,0,1
"UXT",1,1,1,1,1,1,1,1,1,1,0,1
"TAF9",1,1,1,1,1,1,1,1,1,1,0,1
"SPPL2B",1,1,1,1,1,1,0,1,0,1,0,1
"PSMD6",1,1,1,1,1,1,1,1,1,1,0,1
"LOC100130950",0,0,0,0,0,1,0,0,0,0,0,0
"TRAPPC4",1,1,1,1,1,1,1,1,1,1,0,1
"LOC100507373",0,0,0,0,0,1,0,0,0,0,0,0
"LGMN",1,1,1,1,1,1,1,1,1,1,0,1
"RAB18",1,1,1,1,1,1,1,1,1,1,0,1
"KBTBD2",0,0,0,0,0,0,0,0,1,0,0,0
"ERCC_117.1875.mix1_234.375.mix2",0,0,0,0,0,1,0,0,0,0,0,0
"PSMB5",1,1,1,1,1,1,1,1,1,1,0,1
"ACAT1",1,1,1,1,1,1,1,1,1,1,0,1
"COPS5",1,1,1,1,1,1,1,1,1,1,0,1
"ASNA1",1,1,1,1,1,1,1,1,1,1,0,1
"PCMT1",1,1,1,1,1,1,1,1,1,1,0,1
"CACUL1",1,1,1,1,1,1,1,1,1,1,0,1
"IMMT",1,1,1,1,1,1,1,1,1,1,0,1
"PPAPDC1B",1,1,1,1,1,1,0,1,1,1,1,1
"TPCN1",1,1,1,1,1,1,1,1,0,1,1,1
"TCEAL4",1,1,1,1,1,1,1,1,1,1,0,1
"LACC1",0,0,0,0,0,0,1,0,0,0,0,0
"NCKAP1",1,1,1,1,1,1,0,1,1,1,0,1
"ERCC_117.1875.mix1_117.1875.mix2",0,0,0,0,0,1,0,0,0,0,0,0
"GRB2",0,0,0,0,0,0,1,0,0,0,0,0
"SEC31A",1,1,1,1,1,1,1,1,1,1,0,1
"GLA",0,0,0,0,0,0,1,0,0,0,0,0
"IER3IP1",1,1,1,1,1,1,1,1,1,0,0,1
"PSMD7",1,1,1,1,1,1,1,1,1,1,0,1
"TSPAN12",0,0,0,0,0,0,0,0,1,0,0,0
"SLC30A9",1,1,1,1,1,1,1,1,1,1,0,1
"ATP6V1D",1,1,1,1,1,1,1,1,1,1,0,1
"CYB561A3",0,0,0,0,0,0,1,0,0,0,0,0
"DYNC1H1",1,1,1,1,1,1,1,1,1,1,0,1
"ERCC_468.75.mix1_117.1875.mix2",0,0,0,0,0,1,0,0,0,0,0,0
"POLR2F",1,1,1,1,1,1,1,1,1,1,0,1
"MTCH1",1,1,1,1,1,1,1,1,1,1,0,1
"C19orf70",1,1,1,1,1,1,1,1,1,1,0,1
"BRK1",1,1,1,1,1,1,1,1,1,1,0,1
"EIF4A3",1,1,1,1,1,1,1,1,1,1,0,1
"SDF2",1,1,1,1,1,1,1,1,1,1,0,1
"DCTN3",1,1,1,1,1,1,1,1,1,1,0,1
"NDUFAB1",1,1,1,1,1,1,1,1,1,1,0,1
"ZNF106",1,1,1,1,1,1,1,1,1,1,0,1
"LINC00493",1,1,1,1,1,1,1,1,1,1,0,1
"FYTTD1",1,1,1,1,1,1,1,1,1,0,1,1
"PRMT2",1,1,1,1,1,1,1,1,1,1,0,1
"LEPRE1",0,0,0,0,0,0,0,1,0,0,0,0
"HDAC1",1,1,1,1,1,1,1,1,1,1,0,1
"ACP1",1,1,1,1,1,1,1,1,1,1,0,1
"ERCC_117.1875.mix1_29.296875.mix2",0,0,0,0,0,1,0,0,0,0,0,0
"ITFG1",1,1,1,1,1,1,1,1,1,1,0,1
"TMEM167A",1,1,1,1,1,1,1,1,1,1,0,1
"ERCC_234.375.mix1_351.5625.mix2",0,0,0,0,0,1,0,0,0,0,0,0
"ATP6V0A2",0,0,0,0,0,0,0,0,0,0,1,0
"UBAP2L",1,1,1,1,1,1,1,1,1,1,0,1
"SLC35B1",1,1,1,1,1,1,1,1,1,1,0,1
"ARF3",1,1,1,1,1,1,1,1,1,1,0,1
"CUEDC2",1,1,1,1,1,1,1,1,1,1,0,1
"ZDHHC4",1,1,1,1,1,1,1,1,1,1,0,1
"TCTN1",1,1,1,1,1,1,0,1,0,1,0,1
"WAC",1,1,1,1,1,1,1,1,1,1,0,1
"NRIP1",0,0,0,0,0,0,1,0,0,0,0,0
"ATXN7L3B",1,1,1,1,1,1,1,1,1,1,0,1
"TCEAL8",1,1,1,1,1,1,1,1,1,1,0,1
"MRPL17",1,1,1,1,1,1,1,1,1,1,0,1
"TOP1",1,1,1,1,1,1,1,1,1,1,0,1
"FUNDC2",1,1,1,1,1,1,1,1,1,1,0,1
"KPNA6",1,1,1,1,1,1,1,1,1,1,0,1
"RPS19BP1",1,1,1,1,1,1,1,1,1,1,0,1
"SDSL",0,0,0,0,0,0,1,0,0,0,0,0
"SLU7",1,1,1,1,1,1,1,1,1,1,0,1
"SCPEP1",1,1,1,1,1,1,1,1,1,1,0,1
"BCLAF1",1,1,1,1,1,1,1,1,1,1,0,1
"GM2A",0,0,0,0,0,0,1,0,0,0,0,0
"ERCC_937.5.mix1_1875.mix2",0,0,0,0,0,1,0,0,0,0,1,0
"STRN3",1,1,1,1,1,1,1,1,1,1,0,1
"DCAF11",1,1,1,1,1,1,1,1,0,1,1,1
"ERCC_468.75.mix1_468.75.mix2",0,0,0,0,0,1,0,0,0,0,0,0
"KEAP1",1,1,1,1,1,1,1,1,1,1,0,1
"MRPL28",1,1,1,1,1,1,1,1,1,1,0,1
"SYNJ2BP",1,1,1,1,1,1,1,1,1,1,0,1
"C1GALT1C1",1,1,1,1,1,1,1,1,1,1,0,1
"RNF135",0,0,0,0,0,0,1,0,0,0,0,0
"NDUFA12",1,1,1,1,1,1,1,1,1,1,0,1
"SEPP1",1,1,1,1,1,1,1,1,1,1,0,1
"ERCC_937.5.mix1_1406.25.mix2",0,0,0,0,0,1,0,0,0,0,0,0
"ZNF652",1,1,1,1,1,1,1,1,1,1,0,1
"GBA",1,1,1,1,1,1,1,1,1,1,0,1
"G3BP2",1,1,1,1,1,1,1,1,1,1,0,1
"FKBP3",1,1,1,1,1,1,1,1,1,1,0,1
"LINC00998",1,1,1,1,1,1,1,1,1,1,0,1
"MAP2K1",1,1,1,1,1,1,1,1,1,0,1,1
"TRAPPC2L",1,1,1,1,1,1,1,1,1,1,0,1
"PFDN2",1,1,1,1,1,1,1,1,1,1,0,1
"LSM3",1,1,1,1,1,1,1,1,1,1,0,1
"IWS1",1,1,1,1,1,1,1,1,1,1,0,1
"CNST",0,0,0,0,0,0,0,0,1,0,0,0
"ZNF22",1,1,1,1,1,1,1,1,1,1,0,1
"HPS5",0,0,0,0,0,0,1,0,0,0,0,0
"CREBL2",1,1,1,1,1,1,1,1,0,1,0,1
"EIF4E",1,1,1,1,1,1,1,1,1,1,0,1
"COMMD1",1,1,1,1,1,1,1,1,1,1,0,1
"IVD",0,0,0,0,0,0,0,0,0,0,1,0
"RABGEF1",1,1,1,1,1,1,1,1,1,1,0,1
"HMG20A",1,1,1,1,1,1,1,1,1,0,1,1
"FNBP1",0,0,0,0,0,0,1,0,0,0,0,0
"NUDT16",0,0,0,0,0,0,1,0,0,0,0,0
"SUMO3",1,1,1,1,1,1,1,1,1,1,0,1
"DNM1L",1,1,1,1,1,1,1,1,1,1,0,1
"PAFAH1B1",1,1,1,1,1,1,1,1,1,1,0,1
"HNRNPH3",1,1,1,1,1,1,1,1,1,1,0,1
"SNX11",0,0,0,0,0,0,1,0,0,0,0,0
"TMEM126B",1,1,1,1,1,1,1,1,1,1,0,1
"UBQLN1",1,1,1,1,1,1,1,1,1,1,0,1
"NCBP2.AS2",1,1,1,1,1,1,1,1,1,1,0,1
"DHX29",0,0,0,0,0,0,0,0,0,1,0,0
"ZC3H15",1,1,1,1,1,1,1,1,1,1,0,1
