"","alpha","delta","gamma","beta"
"FAP",1,0,0,0
"GC",1,0,1,0
"GCG",1,0,0,0
"HADH",0,1,0,1
"IAPP",0,0,0,1
"INS",0,0,0,1
"PPY",0,0,1,0
"TM4SF4",1,1,1,0
"TTR",1,0,0,0
"LOXL4",1,0,0,0
"ARX",1,0,1,0
"PAPPA2",1,1,0,0
"GLS",1,0,0,0
"INS.IGF2",0,0,0,1
"TMEM236",1,0,0,0
"IRX2",1,0,0,0
"SST",0,1,0,0
"NPTX2",0,0,0,1
"SLC38A4",1,0,0,0
"LOC101929532",1,0,0,0
"IGFBP2",1,0,0,0
"TMEM176B",1,1,1,0
"PCSK1",0,1,1,1
"EGFEM1P",1,0,0,0
"FABP5",1,0,1,0
"DPP4",1,0,0,0
"FABP5P7",1,0,1,0
"PLCE1",1,0,0,0
"SPOCK3",1,0,0,0
"FXYD3",1,0,0,0
"PTPRT",1,0,0,0
"KCTD12",1,1,1,0
"C19orf77",1,0,0,0
"SERPINA1",1,1,1,0
"F10",1,0,0,0
"FXYD5",1,0,0,0
"PFKFB2",0,0,0,1
"TMEM176A",1,1,1,0
"LOC100506869",1,0,1,0
"DLK1",0,0,0,1
"ADCYAP1",0,0,0,1
"ALDH1A1",1,0,1,0
"CLU",1,1,1,0
"CRYBA2",1,0,0,0
"MUC13",1,1,1,0
"GSN",0,0,0,1
"MAFA",0,0,0,1
"FABP5P2",1,0,1,0
"FABP5P1",1,1,1,0
"LDHA",1,1,0,0
"TIMP2",0,0,0,1
"VGF",1,0,0,0
"RGS4",1,0,0,0
"MEG3",0,0,0,1
"PLIN3",1,0,0,0
"CRH",1,0,0,0
"PYROXD2",1,0,0,0
"APOH",1,0,1,0
"POPDC3",1,0,0,0
"HIGD1A",1,0,0,0
"AMIGO2",0,1,0,0
"SYT13",0,0,0,1
"HMGB3",1,0,0,0
"SCD5",0,1,1,1
"CHGB",1,1,1,0
"SUCNR1",0,0,1,0
"FAM83B",1,0,0,0
"S100A10",1,1,1,0
"G6PC2",0,0,0,1
"NPNT",1,0,1,0
"CD36",1,0,0,0
"IGFBPL1",1,1,0,0
"SYNDIG1",1,0,0,0
"SORL1",0,1,1,1
"GPX3",1,1,0,0
"HLA.A",1,1,1,0
"RBP4",0,1,0,0
"ARRDC4",1,0,0,0
"HIGD1AP1",1,0,0,0
"LOC101928757",1,0,0,0
"FSTL5",1,0,0,0
"PPP1R1A",1,1,0,1
"SMOC1",1,1,1,0
"FAM84A",1,0,0,0
"PCSK2",1,1,1,0
"SPTSSB",1,1,1,0
"LBH",1,0,0,0
"ELL2",1,0,1,0
"SPC25",1,0,1,0
"COTL1",1,0,0,0
"PDK4",1,0,1,0
"UCHL1",0,1,1,1
"HCN1",0,1,0,0
"FABP5P11",1,1,1,0
"SAMD11",0,0,0,1
"IGFBP7",1,0,1,0
"LOC100507661",1,0,0,0
"WIPF3",1,0,0,0
"MRC1",1,0,0,0
"CNTN4",1,0,0,1
"MYO10",1,1,1,0
"FRZB",0,1,0,0
"FEV",1,0,1,0
"TMEM45B",1,0,1,0
"MAFB",1,1,0,1
"SERTM1",0,0,1,0
"SYNE2",0,1,1,1
"SLC40A1",1,0,1,0
"SLC7A2",1,0,0,0
"VIM",1,1,0,0
"LPPR1",1,0,0,0
"TGFBR3",0,0,0,1
"ROBO2",0,0,0,1
"SEMA3E",1,1,1,0
"HLA.H",1,1,1,0
"GPR64",1,0,0,0
"SPATS2L",1,1,1,0
"CADM1",0,1,0,1
"FXYD6",1,1,1,0
"KCNJ3",1,0,1,0
"SERPINE2",1,1,1,0
"PDE3B",1,0,0,0
"PRSS3",1,1,0,0
"PALLD",1,1,0,0
"CSGALNACT1",1,0,1,0
"RNASE4",1,0,1,0
"CYSTM1",1,0,0,0
"ADORA2A",1,0,0,0
"USH1C",1,1,1,0
"TJP2",1,1,1,0
"ABCC8",0,1,1,1
"TBC1D24",0,1,1,1
"SH3RF1",1,0,0,0
"PRSS23",0,1,1,1
"PDX1",0,0,0,1
"LRFN5",0,1,0,0
"PEMT",1,0,0,1
"CD99",1,0,1,1
"BMP5",0,1,1,1
"SSX2IP",1,0,1,0
"CARTPT",0,0,1,0
"KCNK16",1,1,0,1
"SPINT2",1,0,1,0
"MAP1B",0,1,1,1
"ZFP36",1,1,1,0
"HHEX",0,1,0,0
"F5",0,1,0,0
"ABI3BP",0,1,0,0
"DHRS7",0,0,0,1
"SLC7A14",1,0,1,0
"HLA.E",1,0,0,0
"CDKN1C",0,0,0,1
"SCG2",1,0,1,0
"SDC2",1,0,0,0
"GPC6",1,1,1,0
"TNFSF10",1,0,0,0
"KIAA1244",1,1,1,0
"MLIP",1,0,1,0
"LDB2",1,0,0,0
"MEIS2",0,0,1,0
"KCNH6",1,0,1,0
"ADRB1",1,0,0,0
"DMD",1,1,1,0
"ASXL3",1,1,0,0
"CASR",0,1,0,1
"ELMO1",0,0,1,1
"SLITRK6",0,1,1,0
"FKBP11",1,0,0,0
"TSPAN1",0,0,0,1
"EZR",1,0,1,0
"MS4A8",0,1,1,0
"SLC22A17",1,0,0,0
"A1CF",1,1,1,0
"GNG4",1,0,1,1
"ALDH1B1",1,0,0,0
"MDK",1,1,1,0
"RASGRF1",1,0,0,1
"HLA.B",1,0,0,0
"LDHB",0,0,0,1
"ZBTB20",0,1,1,1
"KLHL41",1,0,0,0
"PDK3",1,0,1,0
"NAA20",1,0,0,0
"AMOTL1",0,0,1,0
"NDRG1",1,0,0,1
"FAM159B",0,0,1,1
"LPPR4",1,0,1,0
"RAP2B",1,0,0,0
"CAMK2G",1,0,0,0
"ERBB4",0,1,0,0
"SIX3",0,0,0,1
"GRIA3",1,0,1,0
"CPNE8",1,0,0,0
"SIX3.AS1",0,0,0,1
"SLC6A6",0,0,0,1
"PVRL3",0,0,0,1
"HLA.C",1,1,1,0
"GSTA1",1,0,0,0
"CD99L2",1,0,0,0
"BTG2",0,0,1,0
"MTUS2",0,0,0,1
"HNF4A",1,1,1,0
"PKIB",0,1,1,1
"FAM110B",1,0,0,0
"USP27X",1,1,1,0
"CHN2",0,0,1,0
"PDLIM4",0,1,0,0
"RGS16",0,0,0,1
"PTGFR",0,0,1,0
"C2CD4B",1,0,0,0
"CFC1",1,0,0,1
"STXBP6",1,0,1,0
"CHRM3",0,0,1,0
"PDZK1",1,0,0,0
"SPINK1",1,0,1,0
"LINC00616",0,0,1,0
"WSCD2",0,0,0,1
"TUSC3",1,0,1,0
"FLJ25917",1,0,0,0
"PCDH9",0,0,1,0
"TNS1",0,0,0,1
"SOX4",0,1,1,1
"CFC1B",1,0,0,0
"MPC2",1,0,0,0
"SCAF4",0,1,0,0
"APOL2",0,1,1,1
"CDH10",1,0,1,0
"CCDC141",0,0,1,0
"GPR119",1,0,0,0
"ABRACL",0,0,0,1
"NR4A1",1,1,1,0
"MMP16",1,0,0,0
"FFAR4",0,1,0,0
"BHLHE41",0,1,1,1
"HPS1",1,0,0,0
"TTC39C",0,1,0,1
"SLC30A8",1,0,0,1
"SNORA11D",1,0,1,0
"C16orf54",0,1,0,0
"ERO1LB",0,0,0,1
"C1orf127",0,0,0,1
"SNORA11E",1,0,1,0
"PHACTR2",1,1,0,1
"GPM6A",0,1,0,1
"MAOA",1,1,0,0
"ITM2B",1,0,1,0
"LINC01014",1,1,1,0
"NHSL1",1,0,1,0
"NUCB1",1,0,0,0
"CDH17",0,0,1,0
"AUTS2",0,1,0,0
"ENTPD2",0,0,1,0
"SYNGR4",1,0,0,1
"ANXA4",1,0,1,0
"ABCB1",0,0,1,0
"CDO1",1,1,1,0
"CTNND2",1,1,0,0
"QDPR",1,1,1,0
"QSOX1",0,1,0,0
"ID2",0,0,1,0
"BCHE",0,1,0,0
"RFX6",1,0,0,0
"PRUNE2",0,0,0,1
"H2AFJ",1,0,0,0
"PARVB",1,1,0,1
"ITPR3",0,1,0,1
"HSPB1",1,1,1,0
"TMEM260",0,1,0,0
"CHKA",1,0,0,0
"LOC101927658",0,1,0,0
"PTPRS",0,0,0,1
"C12orf75",1,0,1,1
"ETV1",0,1,1,0
"KIAA1377",1,0,1,0
"SLC38A1",0,1,0,0
"PLS3",1,1,1,0
"SDK1",0,1,0,0
"FAM212B",0,1,0,0
"FFAR1",1,0,1,1
"PTP4A1",1,1,1,0
"LOC100506990",0,1,0,0
"EHF",0,1,1,0
"CALB1",0,1,1,0
"STAT4",1,0,1,0
"TFF3",0,0,0,1
"PTPN23",0,1,0,0
"LPHN2",0,1,1,0
"P4HA2",1,1,1,0
"NR0B2",1,0,0,0
"TMEM37",0,0,0,1
"TMEM47",0,0,1,0
"IFIH1",1,0,0,0
"ROBO1",0,0,0,1
"SEPW1",0,1,1,1
"GNG5",1,1,1,0
"C15orf48",1,1,1,0
"ASB6",0,1,0,0
"TMEM150C",0,1,0,1
"PGR",1,0,1,0
"TMSB4XP8",1,1,1,0
"CPVL",0,0,1,0
"RIIAD1",1,0,0,0
"SUMF2",1,0,0,0
"PACSIN2",0,1,0,0
"EEF1A1P29",0,1,0,0
"PLOD3",1,0,0,0
"SLC4A10",1,0,1,1
"ENTPD3",0,1,0,1
"FGFR1",1,1,1,0
"FXYD2",0,0,1,0
"RHOB",1,1,1,0
"C18orf42",1,0,1,1
"IVNS1ABP",1,0,0,0
"RPL13AP22",0,1,0,0
"ENO1",0,1,0,1
"ITGB8",1,0,0,0
"PER1",0,1,0,0
"GCH1",1,1,1,0
"MESDC1",0,1,0,0
"TMED3",1,0,0,0
"ATP2A3",0,0,0,1
"TMSB4XP6",0,1,0,0
"SUSD4",0,0,0,1
"SLC6A4",0,0,1,0
"TMSB4X",1,1,1,0
"TRIM2",0,1,1,1
"PTPRN2",1,0,1,0
"CDCP1",0,1,1,1
"PIPOX",0,1,1,1
"ASB9",0,0,0,1
"SCGB2A1",1,0,1,1
"SEC11C",0,1,0,0
"NCOA7",0,1,0,0
"USP18",1,0,0,0
"LIMA1",1,0,0,0
"PRKACB",0,1,1,1
"CERCAM",0,1,0,0
"MOB1B",1,0,0,0
"PLK2",1,0,1,0
"EFNA5",0,1,1,1
"AKAP12",0,1,1,0
"LOC100216479",1,0,0,0
"C1orf168",1,0,0,0
"NME4",1,0,0,0
"TXNIP",1,1,1,0
"BACH1",0,1,0,0
"LAPTM4B",1,0,1,1
"YIPF2",1,0,0,0
"HGD",0,0,1,0
"SAMD5",0,0,1,0
"RELL1",0,0,0,1
"GNAI1",1,1,1,0
"EIF2S3",0,0,0,1
"PLEKHA2",0,1,0,0
"KCNJ2",1,1,0,0
"ARNTL",0,1,0,0
"KIAA0247",0,1,0,1
"MAF",1,0,1,0
"BSCL2",1,0,0,0
"DRAM1",0,1,0,0
"ANO5",0,0,0,1
"LRRFIP1",1,1,0,0
"ALB",0,1,0,0
"CNP",0,0,0,1
"RNF2",0,0,1,1
"CCDC86",1,0,0,0
"PLCXD3",0,0,1,1
"DHRS2",0,1,0,0
"EMC10",1,1,1,0
"EHD4",0,1,0,0
"ECEL1",0,1,0,0
"FXYD6.FXYD2",0,0,1,0
"DSC2",1,0,1,0
"GABPB1",0,1,0,0
"TRIB2",0,1,0,0
"SNF8",0,1,0,0
"PTK7",0,1,0,0
"ELF3",1,1,1,0
"SERPINI1",1,0,0,0
"RRAGD",0,0,0,1
"CD82",1,0,0,0
"EXPH5",0,0,0,1
"RMST",0,0,1,0
"CD24P4",0,0,0,1
"CHGA",1,0,0,0
"CDKN1A",0,0,1,1
"CYYR1",0,0,0,1
"SERPINA6",0,1,0,0
"TRNS2",0,1,0,1
"SLC25A34",0,0,0,1
"TDP1",0,1,0,0
"GATM",0,1,0,0
"TSPAN13",0,0,1,1
"SWSAP1",0,1,0,0
"GAD2",0,1,1,1
"GABRG2",0,1,0,0
"SLC25A25",0,1,0,0
"NENF",1,0,1,0
"MLXIPL",0,0,0,1
"SLC17A6",0,1,0,0
"EGR4",1,1,1,0
"DIRAS3",0,1,1,0
"STMN1",1,1,1,0
"GCNT1",1,0,1,0
"RNF40",0,1,0,0
"CALM3",1,0,0,0
"MLPH",0,1,0,0
"RPL13AP7",0,1,0,0
"HIST1H2BK",1,1,1,0
"TXLNA",0,0,0,1
"IGF1R",0,0,0,1
"SPOCK1",0,0,1,0
"FASTK",0,1,0,0
"FBXO2",0,1,0,0
"CXADR",0,1,0,1
"CACNB2",1,0,0,0
"TGIF2",0,1,0,0
"C4B",0,1,0,0
"HIST2H2AA4",1,1,1,0
"MAPT",0,0,0,1
"SBF2",0,1,0,0
"TUBB2A",0,0,1,0
"ZFYVE27",0,1,0,0
"NT5DC3",1,0,0,0
"LOC100128906",0,0,1,0
"C8orf47",0,0,0,1
"LOC101928217",0,1,0,0
"GPX2",0,0,0,1
"ZSWIM8",0,1,0,0
"SRGAP2C",0,0,0,1
"FBRS",0,1,0,0
"FAM177B",0,1,0,0
"RIN2",1,0,0,1
"ZFP90",0,1,0,0
"CHST9",1,0,1,1
"PEG10",0,0,1,0
"PTEN",0,0,0,1
"CALD1",0,1,0,1
"C2CD4A",1,0,0,0
"BTG3",0,1,1,1
"FAT1",0,1,0,1
"NOMO1",1,0,1,0
"RAPGEF4",0,0,1,0
"SLC7A8",1,1,0,1
"SCRN3",0,1,0,0
"MTND1P23",0,0,1,0
"ZNF135",0,1,0,0
"KIAA0895L",0,1,0,0
"FGF12",1,1,1,0
"ARL6IP5",0,0,0,1
"RSAD2",0,1,0,0
"APBB1",0,1,0,0
"EEF1A1P11",0,0,1,0
"ABLIM1",1,1,0,1
"HIST2H2AA3",1,1,1,0
"SCD",1,0,0,1
"RUNX1T1",0,1,0,1
"CKMT2.AS1",0,1,0,0
"RPS6KA3",1,0,0,0
"ABCD3",1,0,1,0
"ARL4C",0,0,0,1
"DHTKD1",0,1,0,0
"LRP11",1,0,0,0
"RGS2",0,1,0,0
"LCLAT1",1,0,0,0
"FAM171B",0,0,0,1
"RPL3P4",0,0,1,0
"C4A",0,1,0,0
"CACNA2D1",0,1,1,1
"IFI27L2",1,0,1,0
"RPL5P1",0,1,0,0
"GGCX",0,1,0,0
"SWAP70",0,1,0,0
"AGFG2",0,1,0,0
"PARM1",1,0,1,1
"TOX3",0,1,0,0
"CAPZB",1,0,1,0
"KAT2A",0,1,0,0
"CLASP1",0,1,0,0
"KLF6",1,0,1,0
"RASGEF1B",0,0,0,1
"SNX29",1,0,0,1
"LINC00263",0,0,0,1
"ASAP1",0,0,0,1
"ZNF160",0,1,0,0
"TBL1XR1",0,0,0,1
"RPL32P18",0,1,0,0
"VMP1",0,1,1,0
"C10orf10",1,0,0,0
"GCHFR",1,0,0,0
"CHID1",1,0,0,0
"KIAA0355",0,1,0,0
"TSPAN8",0,0,1,0
"TMEM9",1,0,0,0
"C14orf132",0,0,0,1
"PAPSS2",1,0,0,1
"CD44",1,0,1,0
"HMGN2P2",0,1,0,0
"FAM105A",0,0,0,1
"RNPEP",1,1,1,0
"PARP14",0,1,0,0
"VEGFA",1,0,0,1
"AQP3",0,0,1,0
"DNAJB9",0,0,0,1
"PPM1H",0,0,0,1
"THAP5",1,1,0,1
"SMARCA1",1,0,0,0
"WIPF2",0,1,0,0
"TMED6",0,1,1,1
"SUPT4H1",0,1,0,0
"EFNA1",1,0,1,0
"PRDX4",1,0,0,0
"PAFAH1B2",1,1,0,1
"TOB1",0,0,0,1
"ANXA2",1,0,0,1
"MARCH6",0,0,0,1
"KANK1",1,1,1,0
"RGS1",0,1,0,0
"PXK",0,0,1,0
"ABCC9",0,1,1,0
"RPL5P9",0,1,0,0
"PCGF3",0,1,0,0
"NMI",0,1,0,0
"CBFA2T2",0,1,0,0
"DDHD1",0,1,0,0
"THSD7A",0,0,1,0
"LSR",0,1,0,0
"NPY",0,0,0,1
"KCTD3",0,1,0,0
"NAAA",0,1,0,0
"SMIM6",1,1,1,0
"MYO1B",1,0,1,0
"KRT19",0,1,0,0
"LMO1",1,1,0,1
"MAGED1",1,0,1,0
"SMARCA2",1,0,0,0
"MARK2",0,1,0,0
"CAPN12",0,1,0,0
"ANKRD23",0,0,0,1
"EXOSC5",0,1,0,0
"APLP1",0,0,1,0
"ID4",0,0,1,0
"SERINC1",0,1,0,1
"LOC101927337",0,0,1,0
"NTPCR",0,1,0,1
"PARP12",0,1,0,0
"AHR",0,1,1,0
"CD46",1,0,0,0
"MCM7",0,1,0,0
"MED12",0,1,0,0
"C16orf45",1,1,1,0
"SLC4A4",0,1,1,0
"C10orf11",0,1,0,0
"EDARADD",0,0,0,1
"PRDX1",0,0,0,1
"NAA60",0,1,0,0
"PHTF2",1,0,0,0
"SLC25A5",1,1,0,0
"PCSK1N",0,0,1,0
"EDIL3",1,0,0,0
"STMN2",0,0,1,0
"ZCCHC14",0,1,0,0
"IRF2BPL",0,0,0,1
"AGT",1,0,0,0
"SMAD3",0,1,0,0
"SSTR1",1,1,1,0
"CD164",1,0,0,0
"BCL6",0,1,0,0
"SRPRB",0,0,0,1
"ADAMTSL2",0,1,0,0
"KCNMB2",1,0,1,0
"SMIM22",1,1,1,0
"PMPCA",0,1,0,0
"MTMR7",1,0,0,0
"ETNK1",0,0,0,1
"IDI1",1,0,0,0
"GAR1",0,1,0,0
"G3BP1",0,0,0,1
"DPM3",1,0,0,0
"FAM76A",1,1,0,1
"NUDT19",0,0,0,1
"GLB1",1,0,1,0
"TAGLN3",0,0,0,1
"DNAJC3",0,0,0,1
"PDIA3",1,0,0,0
"RCC2",0,1,0,0
"RAP1GAP",0,0,1,0
"MED17",0,1,0,0
"PER2",1,1,0,0
"PFN2",1,1,0,1
"SNORA81",0,1,0,0
"POU6F1",0,1,0,0
"CDK10",0,1,0,0
"DBI",1,0,0,1
"CMTM6",1,0,1,0
"TRO",0,1,0,0
"ACSL1",0,1,1,1
"SRXN1",0,1,0,0
"RPS29P16",0,1,0,0
"CKLF.CMTM1",1,1,0,0
"MMD",0,1,0,0
"ETFDH",1,0,0,1
"C14orf105",0,0,1,0
"BNIP3",1,0,0,0
"CD9",0,1,0,0
"UNC5B",0,1,0,0
"FGD4",0,0,1,0
"RPL17P8",0,1,0,0
"MT1F",0,0,1,1
"LOC388152",0,1,0,0
"PDCD4",1,0,0,1
"CD55",1,0,1,0
"ATP6AP2",1,1,0,1
"GAPDHP35",0,1,0,0
"RPS16P10",0,1,0,0
"NT5DC2",0,1,0,0
"SLC50A1",1,0,0,0
"HOPX",1,0,0,1
"OGDHL",0,1,0,0
"STK4",0,1,0,0
"CRIP2",0,0,1,0
"SGPL1",1,0,0,0
"ZNF282",0,1,0,0
"TMEM129",0,1,0,0
"LOC338799",0,1,0,0
"ID3",0,0,1,1
"EP400",0,1,0,0
"ITM2C",0,0,1,0
"ZDHHC2",0,0,0,1
"UCP2",0,1,0,0
"DPYSL3",0,1,1,0
"PCDH10",0,0,1,0
"CPNE3",1,0,0,0
"CDC42EP3",1,0,0,0
"LRRC16A",1,1,0,1
"RPL7P50",0,1,0,0
"FAM107B",1,0,1,0
"GCNT3",0,0,1,0
"CRELD1",0,1,0,0
"NPTN",1,1,1,0
"ABHD5",0,1,0,0
"MLLT11",1,0,1,1
"TFPI",0,1,1,0
"ARMC2",0,1,0,0
"MEIS1",0,1,1,0
"CDC37",0,1,0,0
"SLC2A13",0,0,1,1
"NUDT9",0,1,1,1
"TMSB10",1,0,1,0
"TMEM33",1,1,0,1
"DLG5",0,0,0,1
"ARHGEF3",0,0,1,0
"ERCC4",0,1,0,0
"DSG2",0,0,1,0
"HIST2H2BE",1,1,1,0
"LOC100653395",0,1,0,0
"NQO2",0,1,0,0
"ZNF555",0,1,0,0
"LOC101928402",0,0,1,0
"TRIM5",0,1,0,0
"P2RX4",1,0,0,0
"DDX23",0,1,0,0
"HDAC5",0,1,0,0
"LGALSL",1,0,0,0
"C17orf49",1,0,0,0
"RNF139",0,1,0,0
"SIM1",0,1,0,0
"PON2",0,1,1,1
"JUNB",1,1,1,0
"ELOVL7",0,1,0,0
"METRN",0,1,0,0
"PAX6",1,0,1,1
"LARP4B",1,0,0,0
"NME1",1,0,0,0
"IKBKB",0,1,0,0
"IGFBP5",0,0,0,1
"GSTP1",1,1,1,0
"ZNF652",0,0,0,1
"ABL1",0,1,0,0
"ZNF266",0,1,0,0
"TRIM59",1,0,0,0
"RPS29P5",0,1,0,0
"PRMT2",0,0,0,1
"FAM96B",1,0,0,0
"ID1",0,0,1,0
"TMEM53",0,1,0,0
"SPP1",0,1,0,1
"PARVG",1,1,0,1
"ZNF462",0,1,0,0
"FAM46C",1,0,0,1
"RBP1",0,1,1,1
"IER2",0,1,1,0
"RPL7P2",0,1,0,0
"C14orf1",1,0,0,0
"ZDHHC21",0,1,0,0
"PIGT",1,0,0,0
"LOC729086",0,1,0,0
"DHX38",0,1,0,0
"MARCH2",0,1,0,0
"PAM",0,0,1,0
"RPS27AP16",0,1,1,0
"CHP1",0,0,0,1
"MAP3K7CL",0,1,0,0
"SPCS2",0,1,0,1
"HES1",0,1,0,0
"TLK1",0,0,0,1
"DPP6",1,0,1,1
"GRAMD1B",0,0,1,0
"OLFM1",0,0,0,1
"SEC24D",1,1,1,0
"CTNNBIP1",0,1,0,0
"ZNF337",0,1,0,0
"IFI30",1,0,0,0
"ANP32E",1,1,0,1
"ISL1",1,1,1,0
"CLK1",0,0,0,1
"RPS14P8",0,1,0,0
"SCP2",1,0,1,0
"TRNE",0,0,1,0
"CENPT",0,1,0,0
"CPB1",0,1,1,0
"PRG4",0,1,0,0
"NSUN5",0,1,0,0
"RPL36AP49",0,1,0,0
"DPAGT1",0,1,0,0
"JUN",0,1,1,0
"PLAC8",0,1,0,0
"RNF187",0,0,0,1
"RPL10P12",0,1,0,0
"B3GALT6",0,1,0,0
"MTND4P12",0,0,1,0
"CHTF8",0,1,0,0
"RPL7P12",0,1,0,0
"PSIP1",0,1,0,0
"ADAM9",1,0,0,0
"RAB33B",0,0,0,1
"CNPY2",1,0,0,0
"SERPINB1",1,0,1,0
"PBX3",0,0,1,0
"LEPR",0,1,0,0
"ANKLE2",0,1,0,0
"OXR1",0,1,0,0
"PTMAP8",0,1,0,0
"INPP5F",0,0,1,0
"TRIM68",0,1,0,0
"CKAP4",1,0,1,1
"MPP1",0,0,0,1
"C22orf42",0,1,0,1
"SIL1",1,0,0,1
"ENPP2",1,0,0,0
"TUBB2B",0,0,1,0
"TRNM",0,1,0,1
"XPR1",0,1,0,0
"CHST14",0,1,0,0
"ANKRD40",0,0,0,1
"HIST1H1E",1,1,1,0
"TMPO",0,1,0,0
"MCC",0,1,0,1
"PSMG4",0,1,0,0
"CAPZA1",1,1,0,1
"RPL7P11",0,1,0,0
"CKB",1,0,1,0
"CFL2",0,0,0,1
"TRND",0,0,0,1
"APOBEC2",0,0,1,0
"NEAT1",0,0,1,0
"CCND2",0,0,0,1
"PPM1D",0,0,1,0
"FOS",0,0,1,0
"COX7A1",1,0,0,1
"F3",1,1,0,1
"FTSJ3",0,1,0,0
"PIR",0,0,0,1
"GHSR",0,1,0,0
"SEZ6L",1,0,0,1
"WARS",0,0,0,1
"GOLGA6L4",0,1,0,0
"MT1X",1,0,1,1
"KSR2",0,1,0,0
"REG3A",0,1,0,0
"RAB25",1,0,1,0
"RANBP3",0,1,0,0
"OGT",1,0,0,0
"MIR4426",0,1,1,0
"PRCC",0,1,0,0
"FDPS",1,0,0,0
"ACAT2",1,0,0,0
"KIAA1456",0,1,0,0
"MSN",0,1,0,0
"CACUL1",1,1,0,1
"PON3",0,1,1,0
"RPL17P33",0,1,0,0
"H2AFY",0,0,1,0
"A1BG",0,1,0,0
"TMEM147",1,0,0,0
"PACS2",0,1,0,0
"TMEM14A",1,0,1,1
"ZNF17",0,1,0,0
"HMBS",0,1,0,0
"REXO4",0,0,1,0
"MSMO1",1,0,0,1
"SEZ6",0,1,0,0
"TAF13",0,1,0,0
"IFNGR1",0,0,0,1
"KLHL15",0,1,0,0
"SORD",0,0,1,0
"EI24",1,0,0,0
"CDH12P4",0,0,1,0
"CDH12P3",0,0,1,0
"LOC101929695",0,1,0,0
"CMTM8",0,0,1,0
"PDE3A",0,0,1,0
"RXRB",0,1,0,0
"SLC38A2",0,1,1,1
"NR4A2",1,0,1,0
"DDAH1",1,0,0,0
"DDR1",0,0,1,0
"NUCB2",1,0,0,1
"ZNF503",0,0,1,0
"ANKZF1",0,1,0,0
"TSPAN12",0,1,0,0
"CSRP1",0,0,1,0
"SLMO2",1,1,0,1
"TRAPPC12",0,1,0,0
"DCUN1D4",0,0,0,1
"MBLAC2",0,1,0,0
"RHOQ",0,1,0,0
"RTCB",0,0,0,1
"TNFRSF11B",0,0,1,0
"BROX",0,0,0,1
"ACAT1",0,0,0,1
"CBFB",0,1,1,1
"PSMB4",0,0,0,1
"GTF3C6",1,0,1,0
"GCK",0,1,0,0
"RSL24D1",0,0,0,1
"CAT",1,0,1,1
"JKAMP",1,1,0,1
"MT2A",0,0,1,0
"RNF13",0,0,0,1
"S100A6",0,1,0,0
"CLGN",0,0,1,1
"CTSB",1,0,1,1
"MTND4P24",0,0,1,0
"RTN1",0,0,1,0
"LITAF",0,1,1,0
"ARHGAP18",0,1,0,0
"EEF1A2",0,1,0,0
"BCYRN1P1",1,0,1,0
"RPL36AP16",0,1,0,0
"FAM46A",1,1,1,0
"PLXNB2",0,0,1,0
"SSR1",1,0,0,1
"EDC3",0,1,0,0
"TNRC6C",0,1,0,0
"BOD1",0,1,0,0
"CDC34",0,1,0,0
"TMEM209",1,1,0,1
"RNFT2",0,1,0,0
"ZNF658",0,0,1,0
"BPHL",0,0,1,0
"C17orf80",0,1,0,0
"RAP2C",1,0,0,1
"SEMA5A",1,0,0,1
"LOC124974",0,0,1,0
"C11orf1",0,0,0,1
"MLLT3",0,0,1,0
"BAG1",0,0,1,0
"FDFT1",1,0,0,0
"LIN7C",0,0,0,1
"NDUFA7",1,0,0,0
"MDFIC",0,0,1,0
"TECR",1,0,0,1
"UQCRH",1,0,1,0
"LSM12",1,0,0,1
"RWDD2B",0,0,0,1
"CARD8",0,1,0,0
"TOMM5",1,1,0,1
"TRNC",0,0,1,0
"EMC2",0,1,0,1
"BEX5",1,1,1,0
"TPPP3",0,1,0,0
"SKIL",0,0,0,1
"SP100",0,0,1,0
"RPL10P8",0,1,1,0
"PLA2G16",1,1,0,0
"EGR3",0,0,1,0
"SPPL2A",0,0,1,0
"GCN1L1",0,1,0,0
"RGS9",1,1,0,1
"ACLY",1,0,1,1
"PLEKHB1",0,1,1,0
"C5orf45",0,0,1,0
"UNC119B",0,1,0,0
"ZNRF2",0,1,0,0
"PCP4",1,1,0,1
"VLDLR",1,1,0,1
"SENP5",1,0,1,1
"MRPL55",1,1,0,1
"DDIT3",0,1,1,1
"SLC39A11",1,1,0,1
"C1orf56",1,0,0,1
"WSB1",1,0,1,1
"SGCB",1,0,1,1
"MTCO2P2",0,1,1,0
"ST8SIA4",0,1,0,0
"ZNF91",1,0,0,1
"PSEN1",0,1,0,0
"MIR1244.2",0,1,1,0
"LEPROT",0,1,0,0
"C19orf43",0,0,1,0
"CLIC1",0,1,0,0
"ATP8A1",0,0,1,0
"GPX4",1,1,0,1
"SEPT11",1,0,1,1
"CNGA3",0,1,0,0
"TRIB1",0,1,1,0
"USP2",1,1,0,1
"GRAMD1C",0,1,0,0
"MAGEF1",0,0,1,0
"EXOC6",0,1,0,0
"DYNLT3",1,1,0,1
"TOM1L2",0,1,0,0
"PAK2",0,1,0,0
"SNAP25",0,0,1,0
"LCORL",0,1,0,0
"MMRN1",0,0,1,0
"TDRD3",0,1,0,0
"RAB21",1,1,0,1
"SLC20A1",0,1,0,0
"C1D",1,1,0,1
"KRT18",0,1,1,0
"MFSD6",0,0,1,0
"SELM",0,1,1,0
"RUVBL2",0,1,0,0
"ST3GAL5",1,0,1,1
"TRAPPC2",1,1,0,1
"KIAA1033",1,0,1,1
"COMMD10",1,1,0,1
"ZBTB8OS",1,1,0,1
"SNHG8",1,1,0,1
"GABRB3",0,1,0,0
"MORF4L2",1,1,0,1
"PSMB7",1,1,0,1
"SLC41A2",1,0,1,1
"ZFAND1",1,0,0,1
"DCUN1D1",1,1,0,1
"CACNA1D",0,0,1,0
"MAPRE1",1,0,0,1
"CCDC167",1,1,0,1
"FNDC3B",0,0,1,0
"TAOK3",0,1,0,0
"RQCD1",1,0,1,1
"EIF4EBP1",1,0,0,1
"ATP6V0D1",0,1,0,0
"MBP",0,0,1,0
"RALYL",0,0,1,0
"TMEM205",1,1,0,1
"VDAC3",1,1,0,1
"MIR1244.3",0,1,1,0
"YPEL5",1,0,1,1
"SVOP",0,1,1,0
"PHYHIPL",0,0,1,0
"UBE2V2",1,1,0,1
"FAM133B",0,1,0,0
"DAAM1",1,0,1,1
"LOC100507303",0,0,1,0
"SLC29A1",1,0,1,1
"LYSMD2",0,0,1,0
"ORC3",1,0,0,1
"PHB",0,1,0,0
"FKBP9",1,0,1,1
"CYB5A",1,1,0,1
"PDHB",0,0,1,0
"MEST",0,1,0,0
"RDH11",1,0,1,1
"PRKCD",0,1,0,0
"MLEC",0,1,0,0
"SSBP2",1,0,1,1
"NSMCE1",1,1,0,1
"NCALD",1,0,1,1
"COPRS",0,0,1,0
"PIGP",1,1,0,1
"TOX",0,0,1,0
"PPP3CA",1,0,1,1
"FKBP3",1,0,1,1
"CSNK2A1",1,0,1,1
"MRAP2",0,1,0,0
"COMMD8",1,1,0,1
"MRPS33",1,1,0,1
"LIMCH1",1,0,1,1
"HAX1",1,1,0,1
"ICA1L",0,1,0,0
"PSMG2",0,1,0,0
"RN7SL2",0,1,0,0
"DUSP1",0,0,1,0
"C14orf166",1,0,1,1
"CHMP5",1,0,1,1
"TNFRSF12A",0,1,0,0
"KLF10",1,0,1,1
