"","ductal","endothelial","delta","acinar","beta","gamma","mesenchymal","epsilon","unclassified.endocrine","MHC.class.II","PSC","mast","alpha"
"ABCC3",1,0,0,1,0,0,0,0,0,0,0,0,0
"ABCC8",0,0,1,0,1,1,0,1,1,0,0,0,1
"ADAM9",1,1,1,1,1,1,1,1,1,1,1,0,1
"ADCYAP1",0,0,0,0,1,0,0,0,0,0,0,0,0
"ADH1C",0,0,0,1,0,0,0,0,0,0,0,0,0
"AKR1B10",0,0,0,1,0,0,0,0,0,0,0,0,0
"AKR1C3",0,0,0,1,0,0,0,0,0,0,0,0,0
"ALB",0,0,0,1,0,0,0,0,0,0,0,0,0
"ALDH1A3",1,0,0,0,0,0,0,0,0,0,0,0,0
"ALDH3A2",1,0,0,1,0,0,0,0,0,0,0,0,0
"ALDOB",0,0,0,1,0,0,0,0,0,0,0,0,0
"ANPEP",0,0,0,1,0,0,0,0,0,0,0,0,0
"ANXA3",1,0,0,0,0,0,0,0,0,0,0,0,0
"ANXA4",1,0,0,1,0,0,0,0,0,0,0,0,0
"AOX1",0,0,0,1,0,0,0,0,0,0,0,0,0
"AQP1",1,0,0,0,0,0,0,0,0,0,0,0,0
"ARX",0,0,0,0,0,1,0,1,0,0,0,0,1
"ATP10B",0,0,0,1,0,0,0,0,0,0,0,0,0
"ATP1A1",1,0,0,1,0,0,0,0,0,0,0,0,0
"B3GNT7",0,0,0,1,0,0,0,0,0,0,0,0,0
"BACE2",1,0,0,1,0,0,0,0,0,0,0,0,0
"BCAT1",0,0,0,1,0,0,0,0,0,0,0,0,0
"BEX1",0,0,1,0,1,1,0,1,0,0,0,0,1
"BEX2",0,0,1,0,1,1,0,1,0,0,0,0,1
"BGN",0,0,0,0,0,0,1,0,0,0,1,0,0
"C15orf48",0,0,0,1,0,0,0,0,0,0,0,0,0
"C1S",0,0,0,0,0,0,1,0,0,0,1,0,0
"C3",1,0,0,1,0,0,0,0,1,0,0,0,0
"CA12",0,0,0,1,0,0,0,0,0,0,0,0,0
"CALD1",0,0,0,0,0,0,1,0,0,0,1,0,0
"CD74",0,0,0,0,0,0,0,0,0,1,0,0,0
"CD9",0,0,0,0,0,0,0,0,0,0,0,1,0
"CDKN1C",0,0,0,0,1,0,0,0,0,0,0,0,0
"CELA2A",0,0,0,1,0,0,0,0,0,0,0,0,0
"CELA3A",0,0,0,1,0,0,0,0,0,0,0,0,0
"CELA3B",0,0,0,1,0,0,0,0,0,0,0,0,0
"CEL",0,0,0,1,0,0,0,0,0,0,0,0,0
"CFB",1,0,0,1,0,0,0,0,0,0,0,0,0
"CFTR",1,0,0,0,0,0,0,0,0,0,0,0,0
"CHGB",0,0,1,0,1,1,0,1,1,0,0,0,1
"CLDN10",1,0,0,1,0,0,0,0,0,0,0,0,0
"CLDN1",1,0,0,1,0,0,0,0,0,0,0,0,0
"CLDN4",1,0,0,1,0,0,0,0,0,0,0,0,0
"CLDN7",1,0,0,1,0,0,0,0,0,0,0,0,0
"CLIC4",0,1,0,0,0,0,1,0,0,0,1,0,0
"CLMN",1,0,0,1,0,0,0,0,0,0,0,0,0
"CLU",1,0,1,1,1,1,0,1,1,0,0,1,1
"COL15A1",0,0,0,0,0,0,1,0,0,0,1,0,0
"COL1A1",0,0,0,0,0,0,1,0,0,0,1,0,0
"COL1A2",0,0,0,0,0,0,1,0,0,0,1,0,0
"COL3A1",0,0,0,0,0,0,1,0,0,0,1,0,0
"COL4A1",0,1,0,0,0,0,1,0,0,0,1,0,0
"COL4A2",0,1,0,0,0,0,1,0,0,0,1,0,0
"COL5A1",0,0,0,0,0,0,1,0,0,0,1,0,0
"COL5A2",0,0,0,0,0,0,1,0,0,0,1,0,0
"COL6A2",0,0,0,0,0,0,1,0,0,0,1,0,0
"COL6A3",0,0,0,0,0,0,1,0,0,0,1,0,0
"CPA1",0,0,0,1,0,0,0,0,0,0,0,0,0
"CPA2",0,0,0,1,0,0,0,0,0,0,0,0,0
"CPB1",0,0,0,1,0,0,0,0,0,0,0,0,0
"CPE",0,0,1,0,1,1,0,1,1,0,0,0,1
"CRYBA2",0,0,0,0,0,0,0,0,0,0,0,0,1
"CTRB1",0,0,0,1,0,0,0,0,0,0,0,0,0
"CTRB2",0,0,0,1,0,0,0,0,0,0,0,0,0
"CTRC",0,0,0,1,0,0,0,0,0,0,0,0,0
"CTSC",0,0,0,0,0,0,1,0,0,1,1,0,0
"CTSH",1,0,0,0,0,0,0,0,0,1,0,0,0
"CTSS",0,0,0,0,0,0,0,0,0,1,0,0,0
"CXCL17",0,0,0,1,0,0,0,0,0,0,0,0,0
"DEFB1",1,0,0,0,0,0,0,1,0,0,0,0,0
"DSP",1,0,1,1,1,1,0,1,0,0,0,0,1
"DUOX2",0,0,0,1,0,0,0,0,0,0,0,0,0
"DUSP4",0,0,0,1,0,0,0,0,0,0,0,0,0
"ELF3",1,0,0,1,0,0,0,0,0,0,0,0,0
"ENPP2",0,0,1,0,1,1,0,1,1,0,0,0,1
"EPCAM",1,0,1,1,1,1,0,1,1,0,0,0,1
"ERO1LB",0,0,1,1,1,1,0,0,1,0,0,0,1
"ERP27",0,0,0,1,0,0,0,0,0,0,0,0,0
"ETV1",0,0,0,0,0,1,0,0,0,0,0,0,0
"EZR",1,0,1,1,1,1,0,1,1,1,0,0,1
"FAM129A",0,0,0,1,0,0,0,0,0,0,0,0,0
"FAP",0,0,0,0,0,0,1,0,0,0,1,0,1
"FN1",0,0,0,0,0,0,1,0,0,0,1,0,0
"G6PC2",0,0,0,0,1,0,0,0,0,0,0,0,0
"GATM",1,0,0,1,0,0,0,0,0,0,0,0,0
"GCG",0,0,0,0,0,0,0,0,0,0,0,0,1
"GC",0,0,0,0,0,0,0,0,0,0,0,0,1
"GDF15",1,0,0,1,0,0,0,0,0,0,0,0,0
"GLS",0,0,0,0,0,0,0,0,0,0,0,0,1
"GNG11",0,1,0,0,0,0,1,0,0,0,1,0,0
"GNG4",0,0,0,0,1,1,0,1,1,0,0,0,1
"GPX3",0,0,0,0,0,0,0,0,0,0,0,0,1
"GSTA1",0,0,0,1,0,0,0,0,0,0,0,0,0
"GSTA2",0,0,0,1,0,0,0,0,0,0,0,0,0
"HADH",0,0,1,0,1,0,0,0,0,0,0,0,0
"HEPACAM2",0,0,0,0,0,0,0,1,0,0,0,0,0
"HEYL",0,0,0,0,0,0,1,0,0,0,1,0,0
"HSD17B2",1,0,0,0,0,0,0,0,0,0,0,0,0
"IAPP",0,0,0,0,1,0,0,0,0,0,0,0,0
"IFITM2",1,1,0,0,0,0,1,0,0,0,1,1,0
"IFITM3",1,1,0,1,0,0,1,0,0,0,1,0,0
"IGFBP2",0,0,0,1,0,0,0,0,0,0,0,0,0
"IGFBP4",0,1,0,0,0,0,1,0,0,0,1,0,0
"IGFBP7",1,1,0,0,0,1,1,0,0,0,1,0,1
"IL32",0,0,0,1,0,0,0,0,0,0,0,0,0
"INS",0,0,0,0,1,0,0,0,0,0,0,0,0
"ISL1",0,0,1,0,1,1,0,1,1,0,0,0,1
"JUP",1,1,0,1,0,0,0,0,0,0,0,0,0
"KCNK16",0,0,1,0,1,0,0,0,1,0,0,0,1
"KIAA1324",0,0,1,1,1,1,0,1,1,0,0,0,1
"KIAA1522",1,0,0,1,0,0,0,0,0,0,0,0,0
"KIF1A",0,0,1,1,1,1,0,1,1,0,0,0,1
"KLF5",1,0,0,1,0,0,0,0,0,0,0,0,0
"KLK1",0,0,0,1,0,0,0,0,0,0,0,0,0
"KRT18",1,0,0,1,0,0,0,0,0,0,0,0,0
"KRT19",1,0,0,0,0,0,0,0,0,0,0,0,0
"KRT7",1,0,0,1,0,0,0,0,0,0,0,0,0
"LAD1",1,0,0,1,0,0,0,0,0,0,0,0,0
"LAMC2",1,0,0,0,0,0,0,0,0,0,0,0,0
"LCN2",1,0,0,1,0,0,0,0,0,0,0,0,0
"LEPR",0,0,1,0,0,0,0,0,0,0,0,0,0
"LGALS1",0,1,0,0,0,0,1,0,0,1,1,1,0
"LGALS2",0,0,0,1,0,0,0,0,0,0,0,0,0
"LGALS4",1,0,0,0,0,0,0,0,0,0,0,0,0
"LOXL4",0,0,0,0,0,0,0,0,1,0,0,0,1
"LTBP1",0,0,0,0,0,0,1,0,0,0,1,0,0
"LUM",0,0,0,0,0,0,1,0,0,0,1,0,0
"LYZ",0,0,0,1,0,0,0,0,0,1,0,0,0
"MEIS2",1,1,1,1,1,1,1,1,1,0,1,1,1
"MGST1",0,0,0,1,0,0,0,0,0,0,0,0,0
"MIR7.3HG",0,0,1,0,1,1,0,0,1,0,0,0,1
"MMP7",1,0,0,0,0,0,0,0,0,0,0,0,0
"MTUS1",0,0,0,1,0,0,0,0,0,0,0,0,0
"MUC1",0,0,0,1,0,0,0,0,0,0,0,0,0
"MUC20",1,0,0,0,0,0,0,0,0,0,0,0,0
"MXRA5",0,0,0,1,0,0,0,0,0,0,0,0,0
"MYOF",0,0,0,0,0,0,1,0,0,0,0,0,0
"NAA20",1,1,1,1,1,1,1,1,1,1,1,0,1
"NEUROD1",0,0,1,0,1,1,0,1,0,0,0,0,1
"NFIB",1,1,0,1,0,0,0,0,0,0,0,0,0
"NGFRAP1",1,1,1,1,1,1,1,1,1,0,1,0,1
"NOTCH3",0,0,0,0,0,0,1,0,0,0,1,0,0
"NPTX2",0,0,0,0,1,0,0,0,0,0,0,0,0
"OLFM4",0,0,0,1,0,0,0,0,0,0,0,0,0
"PARM1",0,0,1,1,1,1,0,1,1,0,0,0,1
"PCSK1N",0,0,1,0,1,1,0,1,1,0,0,0,1
"PCSK1",0,0,1,0,1,0,0,1,0,0,0,0,0
"PDGFRB",0,0,0,0,0,0,1,0,0,0,1,0,0
"PDK3",0,0,0,0,0,1,0,0,0,0,0,0,1
"PDZK1IP1",1,0,0,1,0,0,0,0,0,0,0,0,0
"PFKFB2",0,0,0,0,1,0,0,0,0,0,0,0,0
"PLA2G1B",0,0,0,1,0,0,0,0,0,0,0,0,0
"PMEPA1",1,1,0,0,0,0,1,0,0,0,0,0,0
"PNLIPRP1",0,0,0,1,0,0,0,0,0,0,0,0,0
"PNLIPRP2",0,0,0,1,0,0,0,0,0,0,0,0,0
"PNLIP",0,0,0,1,0,0,0,0,0,0,0,0,0
"PPAP2C",1,0,0,0,0,0,0,0,0,0,0,0,0
"PPY",0,0,0,0,0,1,0,0,0,0,0,0,0
"PROM1",1,0,0,0,0,0,0,0,0,0,0,0,0
"PRSS1",0,0,0,1,0,0,0,0,0,0,0,0,0
"PRSS3P2",0,0,0,1,0,0,0,0,0,0,0,0,0
"PRSS3",0,0,0,1,0,0,0,0,0,0,0,0,0
"PTPRN",0,0,1,0,1,1,0,1,1,0,0,0,1
"PXDN",0,1,0,0,0,0,1,0,0,0,1,0,0
"RBP4",0,0,1,0,0,0,0,0,0,0,0,0,0
"REG1A",0,0,0,1,0,0,0,0,0,0,0,0,0
"REG1B",0,0,0,1,0,0,0,0,0,0,0,0,0
"REG3A",0,0,0,1,0,0,0,0,0,0,0,0,0
"REG3G",0,0,0,1,0,0,0,0,0,0,0,0,0
"RGS4",0,0,0,0,0,0,0,0,0,0,0,0,1
"RNASE1",0,0,0,1,0,0,0,0,0,0,0,0,0
"SCG2",1,1,1,1,1,1,1,1,1,0,1,1,1
"SCG3",0,0,1,0,1,1,0,1,1,0,0,0,1
"SCG5",0,0,1,0,1,1,0,1,1,0,0,0,1
"SCGN",0,0,1,0,1,1,0,1,1,0,0,0,1
"SCNN1A",1,0,0,0,0,0,0,0,0,0,0,0,0
"SDC1",1,0,0,0,0,0,0,0,0,0,0,0,0
"SDC4",1,0,0,1,0,0,0,0,0,0,0,0,0
"SEL1L3",1,0,0,1,0,0,0,0,0,0,0,0,0
"SEMA6A",1,0,0,0,0,0,0,0,0,0,0,0,0
"SERPINA1",0,0,0,0,0,0,0,1,0,0,0,0,0
"SERPINA3",1,0,0,1,0,0,0,0,0,0,0,0,0
"SERPINA5",1,0,0,0,0,0,0,0,0,0,0,0,0
"SERPINE1",0,1,0,0,0,0,1,0,0,0,1,0,0
"SERPINH1",0,1,0,0,0,0,1,0,0,0,1,0,0
"SFRP2",0,0,0,0,0,0,1,0,0,0,1,0,0
"SGK1",0,1,0,1,0,0,0,0,0,0,0,0,0
"SLC1A5",0,0,0,0,0,0,1,0,0,0,1,0,0
"SLC22A17",1,1,1,1,1,1,1,1,1,0,1,1,1
"SLC30A8",0,0,1,0,1,1,0,0,1,0,0,0,1
"SLC38A4",0,0,0,0,0,0,0,0,0,0,0,0,1
"SLC3A1",1,0,0,0,0,0,0,0,0,0,0,0,0
"SLC4A4",1,0,0,0,0,0,0,0,0,0,0,0,0
"SNAP25",0,0,1,0,1,1,0,1,1,0,0,0,1
"SOX4",1,1,0,1,0,0,1,0,0,0,1,0,0
"SPARC",0,1,0,0,0,0,1,0,0,0,1,0,0
"SPINK1",0,0,0,1,0,0,0,0,0,0,0,0,0
"SPP1",1,0,0,0,0,0,0,0,0,0,0,0,0
"SPTBN1",1,1,1,1,1,1,1,1,1,0,1,1,1
"SPTSSB",0,0,0,0,0,0,0,1,0,0,0,0,0
"SST",0,0,1,0,0,0,0,0,0,0,0,0,0
"STMN2",0,0,1,0,1,1,0,1,1,0,0,0,1
"TACSTD2",1,0,0,1,0,0,0,0,0,0,0,0,0
"TC2N",0,0,0,1,0,0,0,0,0,0,0,0,0
"THBS1",0,1,0,0,0,0,0,0,0,0,0,0,0
"TIMP1",0,0,0,0,0,0,1,0,0,0,1,0,0
"TIMP2",0,0,0,0,0,0,1,0,0,0,0,0,0
"TINAGL1",1,0,0,0,0,0,0,0,0,0,0,0,0
"TM4SF1",1,1,0,1,0,0,0,0,0,0,0,0,0
"TM4SF4",0,0,0,0,0,1,0,1,0,0,0,0,1
"TMEM176B",0,0,1,0,0,1,0,1,0,1,0,0,1
"TNFAIP2",0,0,0,0,0,0,0,0,0,1,0,0,0
"TNFRSF12A",1,0,0,1,0,0,1,0,0,0,1,0,0
"TNS1",0,0,0,0,0,0,1,0,0,0,0,0,0
"TPM1",1,0,0,1,0,0,1,0,0,0,1,0,0
"TSPAN8",1,0,0,0,0,0,0,0,0,0,0,0,0
"TTR",0,0,0,0,0,0,0,0,0,0,0,0,1
"UBD",0,0,0,1,0,0,0,0,0,0,0,0,0
"UCHL1",0,0,1,0,1,1,1,1,1,0,1,0,1
"UNC5B",0,0,0,0,0,0,1,0,0,0,0,0,0
"VTCN1",1,0,0,0,0,0,0,0,0,0,0,0,0
"CXCL2",0,0,0,1,0,0,0,0,0,0,0,0,0
"TPM4",0,0,0,0,0,0,1,0,0,0,0,0,0
"MYL12A",1,1,0,1,0,0,1,0,0,1,1,1,0
"TCIRG1",0,0,0,0,0,0,0,0,0,1,0,0,0
"ONECUT2",1,0,0,0,0,0,0,0,0,0,0,0,0
"NFKBIZ",1,0,0,1,0,0,0,0,0,0,0,0,0
"IMPA2",0,0,0,1,0,0,0,0,0,0,0,0,0
"NUCB2",1,1,1,1,1,1,1,1,1,0,1,0,1
"PACSIN2",1,0,0,1,0,0,0,0,0,0,0,0,0
"GOLM1",1,1,1,1,1,1,1,1,1,0,1,0,1
"TMEM97",0,0,0,1,0,0,0,0,0,0,0,0,0
"LAMC1",0,0,0,0,0,0,1,0,0,0,0,0,0
"BCHE",0,0,1,0,0,0,0,0,0,0,0,0,0
"GP2",0,0,0,1,0,0,0,0,0,0,0,0,0
"LAMA4",0,1,0,0,0,0,1,0,0,0,1,0,0
"COL6A1",0,0,0,0,0,0,1,0,0,0,1,0,0
"CAPG",0,0,0,0,0,0,0,0,0,1,0,1,0
"GPX8",0,0,0,0,0,0,1,0,0,0,0,0,0
"AKR1C2",0,0,0,1,0,0,0,0,0,0,0,0,0
"TIMP3",0,1,0,0,0,0,1,0,0,0,1,1,0
"PODXL",0,1,0,0,0,0,0,0,0,0,0,0,0
"MICAL2",0,0,0,0,0,0,1,0,0,0,0,0,0
"CLPS",0,0,0,1,0,0,0,0,0,0,0,0,0
"NID1",0,0,0,0,0,0,1,0,0,0,1,0,0
"THBS2",0,0,0,0,0,0,1,0,0,0,1,0,0
"DCDC2",1,0,0,0,0,0,0,0,0,0,0,0,0
"CYGB",0,0,0,0,0,0,1,0,0,0,1,0,0
"HLA.DMA",0,0,0,0,0,0,0,0,0,1,0,0,0
"GLUL",0,0,0,0,0,0,0,0,0,0,0,1,0
"SMARCA1",1,1,1,1,1,1,1,1,1,0,1,0,1
"HLA.DRB1",0,0,0,0,0,0,0,0,0,1,0,0,0
"SNAI2",0,0,0,0,0,0,1,0,0,0,1,0,0
"VCAN",0,0,0,0,0,0,1,0,0,0,1,0,0
"INSR",0,1,0,1,0,0,0,0,0,0,0,0,0
"HLA.DRA",0,0,0,0,0,0,0,0,0,1,0,0,0
"FMOD",0,0,0,0,0,0,1,0,0,0,1,0,0
"ITGB1",1,1,1,1,1,1,1,1,1,1,1,0,1
"CEBPB",0,0,0,0,0,0,1,0,0,0,0,0,0
"COL5A3",0,0,0,0,0,0,1,0,0,0,0,0,0
"CYSTM1",0,0,0,0,0,0,0,0,0,0,0,0,1
"ANXA1",0,0,0,0,0,0,0,0,0,0,0,1,0
"TMEM123",1,1,1,1,1,1,1,1,1,1,1,0,1
"CDH11",0,0,0,0,0,0,1,0,0,0,1,0,0
"DCN",0,0,0,0,0,0,1,0,0,0,1,0,0
"LOXL2",0,0,0,0,0,0,1,0,0,0,1,0,0
"EMP1",0,1,0,0,0,0,1,0,0,0,1,0,0
"CYYR1",0,1,0,0,0,0,0,0,0,0,0,0,0
"PPP1R18",0,0,0,0,0,0,1,0,0,0,0,0,0
"FGL1",0,0,0,1,0,0,0,0,0,0,0,0,0
"MFGE8",0,0,0,0,0,0,1,0,0,0,1,0,0
"MT1G",0,0,0,1,0,0,0,0,0,0,0,0,0
"TRAM1",1,1,1,1,1,1,1,1,1,1,1,0,1
"RAB27B",0,0,0,0,0,0,0,0,0,0,0,1,0
"MRC2",0,0,0,0,0,0,1,0,0,0,1,0,0
"LTBP2",0,0,0,0,0,0,1,0,0,0,0,0,0
"COTL1",0,0,0,0,0,0,0,0,0,1,0,0,0
"HTRA1",0,1,0,0,0,0,1,0,0,0,0,0,0
"PDLIM1",1,1,1,1,1,1,1,1,1,0,1,0,1
"HLA.DPB1",0,0,0,0,0,0,0,0,0,1,0,0,0
"CD36",0,1,0,0,0,0,0,0,0,0,0,0,0
"GABRB3",0,0,1,0,0,0,0,0,0,0,0,0,0
"IFI16",0,1,0,0,0,0,1,0,0,1,1,0,0
"KITLG",0,0,0,0,0,0,1,0,0,0,0,0,0
"FAM134B",0,0,0,1,0,0,0,0,0,0,0,0,0
"PLAT",0,0,0,0,0,0,1,0,0,0,1,0,0
"SPON2",0,0,0,0,0,0,1,0,0,0,1,0,0
"PPAP2B",0,1,0,0,0,0,0,0,0,0,0,0,0
"NINJ1",0,0,0,0,0,0,0,0,0,1,0,0,0
"TNFAIP6",0,0,0,0,0,0,1,0,0,0,1,0,0
"WNT5A",0,0,0,0,0,0,1,0,0,0,1,0,0
"TXNIP",0,0,0,0,0,0,0,0,0,0,0,1,0
"PRG4",0,0,1,0,0,0,0,0,0,0,0,0,0
"MCAM",0,1,0,0,0,0,0,0,0,0,0,0,0
"GALNT7",0,0,0,1,0,0,0,0,0,0,0,0,0
"C11orf96",0,0,0,0,0,0,1,0,0,0,1,0,0
"COL12A1",0,0,0,0,0,0,1,0,0,0,0,0,0
"KANK2",0,0,0,0,0,0,1,0,0,0,0,0,0
"PLSCR1",1,1,1,1,1,1,1,1,1,1,1,0,1
"CRLF1",0,0,0,0,0,0,1,0,0,0,0,0,0
"ACTN1",1,1,1,1,1,1,1,1,1,1,1,0,1
"SLC7A11",0,0,0,0,0,0,1,0,0,0,0,0,0
"THY1",0,0,0,0,0,0,1,0,0,0,1,0,0
"ITGB5",0,0,0,0,0,0,1,0,0,0,0,0,0
"TMED9",1,1,1,1,1,1,1,1,1,1,1,0,1
"SIRPA",0,0,0,0,0,0,0,0,0,1,0,0,0
"GPNMB",0,0,0,0,0,0,1,0,0,1,1,0,0
"IGFBP5",0,0,0,0,0,0,1,0,0,0,1,0,0
"EDNRA",0,0,0,0,0,0,1,0,0,0,1,0,0
"GNG12",1,1,1,1,1,1,1,1,1,0,1,0,1
"F2R",0,0,0,0,0,0,1,0,0,0,1,0,0
"LIMS1",0,0,0,0,0,0,1,0,0,0,0,0,0
"TMEM45B",0,0,0,0,0,0,0,1,0,0,0,0,0
"FBN1",0,0,0,0,0,0,1,0,0,0,1,0,0
"GEM",0,0,0,0,0,0,0,0,0,0,1,0,0
"LDB2",0,1,0,0,0,0,0,0,0,0,0,0,0
"INHBA",0,0,0,0,0,0,1,0,0,0,1,0,0
"MMP2",0,0,0,0,0,0,0,0,0,0,1,0,0
"TGFB1I1",0,0,0,0,0,0,1,0,0,0,1,0,0
"ITGA11",0,0,0,0,0,0,1,0,0,0,1,0,0
"LAMC3",0,0,0,0,0,0,1,0,0,0,1,0,0
"PAG1",0,0,0,0,0,0,1,0,0,0,1,0,0
"SRPX2",0,0,0,0,0,0,1,0,0,0,1,0,0
"CRISPLD2",0,0,0,0,0,0,1,0,0,0,1,0,0
"DKK3",0,0,0,0,0,0,1,0,0,0,1,0,0
"S1PR3",0,0,0,0,0,0,1,0,0,0,0,0,0
"AEBP1",0,0,0,0,0,0,1,0,0,0,1,0,0
"MYL9",0,0,0,0,0,0,0,0,0,0,1,0,0
"VTN",0,0,0,0,0,0,0,1,0,0,0,0,0
"PRKCDBP",0,0,0,0,0,0,1,0,0,0,1,0,0
"FLT1",0,1,0,0,0,0,0,0,0,0,0,0,0
"ITGA1",0,1,0,0,0,0,1,0,0,0,1,0,0
"TGFBI",0,0,0,0,0,0,1,0,0,1,1,0,0
"MPZL1",1,1,1,1,1,1,1,1,1,1,1,0,1
"MAOB",0,0,0,0,0,0,0,0,0,0,0,1,0
"PLVAP",0,1,0,0,0,0,0,0,0,0,0,0,0
"UGDH",0,0,0,1,0,0,0,0,0,0,0,0,0
"VMP1",1,1,1,1,1,1,1,1,1,1,1,0,1
"FRZB",0,0,0,0,0,0,0,1,0,0,0,0,0
"ENG",0,1,0,0,0,0,0,0,0,1,1,0,0
"VSTM2L",0,0,0,0,0,0,0,1,0,0,0,0,0
"ANXA7",1,1,1,1,1,1,1,1,1,1,1,0,1
"TBX3",0,0,0,0,0,0,1,0,0,0,1,0,0
"TTC3",1,1,1,1,1,1,1,1,1,1,1,0,1
"RRAGD",0,0,0,0,1,0,0,0,0,0,0,0,0
"CALU",0,0,0,0,0,0,1,0,0,0,1,0,0
"CYBRD1",0,0,0,0,0,0,1,0,0,0,1,0,0
"PRRX1",0,0,0,0,0,0,1,0,0,0,0,0,0
"TMEM59",1,1,1,1,1,1,1,1,1,1,1,0,1
"HLA.DPA1",0,0,0,0,0,0,0,0,0,1,0,0,0
"CHSY1",0,0,0,0,0,0,1,0,0,0,0,0,0
"TPM2",0,0,0,0,0,0,1,0,0,0,1,0,0
"MSC",0,0,0,0,0,0,0,0,0,0,1,0,0
"FBLIM1",1,1,1,1,1,1,1,1,1,0,1,0,1
"ARHGDIB",0,0,0,0,0,0,0,0,0,0,0,1,0
"FAM198B",0,1,0,0,0,0,0,0,0,0,0,0,0
"RND3",0,0,0,0,0,0,1,0,0,0,1,0,0
"TJP1",1,1,1,1,1,1,1,1,1,0,1,0,1
"KDR",0,1,0,0,0,0,0,0,0,0,0,0,0
"MAGED1",1,1,1,1,1,1,1,1,1,0,1,1,1
"RCN3",0,0,0,0,0,0,0,0,0,0,1,0,0
"HLA.DQB1",0,0,0,0,0,0,0,0,0,1,0,0,0
"LPCAT2",0,0,0,0,0,0,0,0,0,0,0,1,0
"HINT1",1,1,1,1,1,1,1,1,1,1,1,0,1
"STC1",0,1,0,0,0,0,0,0,0,0,0,0,0
"PLIN2",0,0,0,0,0,0,1,0,0,1,1,0,0
"ALOX5",0,0,0,0,0,0,0,0,0,0,0,1,0
"MYO6",1,1,1,1,1,1,1,1,1,0,1,0,1
"CYB5A",0,0,0,1,0,0,0,0,0,0,0,0,0
"PNP",0,1,0,0,0,0,0,0,0,0,0,0,0
"TSPYL1",1,1,1,1,1,1,1,1,1,1,1,0,1
"ISLR",0,0,0,0,0,0,1,0,0,0,1,0,0
"HLA.DRB5",0,0,0,0,0,0,0,0,0,1,0,0,0
"RGS2",0,0,1,0,0,0,0,0,0,0,0,0,0
"NDUFA13",1,1,1,1,1,1,0,1,1,1,1,1,1
"STK17B",0,0,0,0,0,0,0,0,0,0,0,1,0
"TSPAN3",1,1,1,1,1,1,1,1,1,1,1,0,1
"ADAMTS2",0,0,0,0,0,0,1,0,0,0,1,0,0
"BMP1",0,0,0,0,0,0,1,0,0,0,1,0,0
"TCF4",0,1,0,0,0,0,0,0,0,0,0,0,0
"TYMP",0,0,0,0,0,0,0,0,0,1,0,0,0
"NFIA",1,1,1,1,1,1,1,1,1,0,1,1,1
"PET100",1,1,1,1,1,1,1,1,1,1,1,0,1
"ESAM",0,1,0,0,0,0,0,0,0,0,0,0,0
"PECAM1",0,1,0,0,0,0,0,0,0,0,0,0,0
"ITPRIPL2",0,0,0,0,0,0,1,0,0,0,0,0,0
"IFI30",0,0,0,0,0,0,0,0,0,1,0,0,0
"BASP1",0,0,0,0,0,0,1,0,0,0,0,0,0
"PRKG1",0,0,0,0,0,0,1,0,0,0,0,0,0
"HLA.DRB6",0,0,0,0,0,0,0,0,0,1,0,0,0
"PRDX4",1,1,1,1,1,1,1,1,1,0,1,1,1
"ACTA2",0,0,0,0,0,0,1,0,0,0,1,0,0
"BDKRB2",0,1,0,0,0,0,0,0,0,0,0,0,0
"NREP",0,0,0,0,0,0,1,0,0,0,1,0,0
"PRDM1",0,1,0,0,0,0,0,0,0,0,0,0,0
"SLC39A14",1,1,1,1,1,1,1,1,1,0,1,1,1
"NR2F2",0,0,0,0,0,0,1,0,0,0,0,0,0
"HLA.DMB",0,0,0,0,0,0,0,0,0,1,0,0,0
"CCDC71L",0,0,0,0,0,0,1,0,0,0,0,0,0
"NDUFC1",1,1,1,1,1,1,1,1,1,1,1,0,1
"HSPA8",1,1,1,1,1,1,1,1,0,1,1,0,1
"KCNE4",0,0,0,0,0,0,1,0,0,0,1,0,0
"RAB31",0,1,0,0,0,0,1,0,0,0,1,0,0
"TNFRSF1A",1,1,1,1,1,1,1,1,1,1,1,0,1
"ID4",0,0,0,0,0,1,0,0,0,0,0,0,0
"THBD",0,1,0,0,0,0,0,0,0,0,0,0,0
"CKAP4",1,1,1,1,1,1,1,1,1,0,1,0,1
"APP",1,1,1,1,1,1,1,1,1,1,1,0,1
"UCP2",0,0,0,0,0,0,0,0,0,1,0,0,0
"MGLL",0,0,0,0,0,0,0,0,0,1,0,0,0
"SNN",0,0,0,0,0,0,0,0,0,1,0,0,0
"KLF13",0,0,0,0,0,0,1,0,0,0,0,0,0
"HDGF",1,1,1,1,1,1,1,1,1,1,1,0,1
"RGCC",0,1,0,0,0,0,0,0,0,0,0,0,0
"GHRL",0,0,0,0,0,0,0,1,0,0,0,0,0
"SEL1L",1,1,1,1,1,1,1,1,1,1,1,0,1
"CPNE3",1,1,1,1,1,1,1,1,1,1,1,0,1
"SEPT6",0,0,0,0,0,0,1,0,0,0,1,0,0
"ARHGAP29",0,1,0,0,0,0,0,0,0,0,0,0,0
"RLIM",0,0,0,0,0,0,1,0,0,0,0,0,0
"CTSK",0,0,0,0,0,0,0,0,0,0,1,0,0
"TM7SF3",1,1,1,1,1,1,1,1,1,1,1,0,1
"F3",0,0,0,1,0,0,0,0,0,0,0,0,0
"EEF1A1",0,0,0,0,0,0,1,0,0,0,0,0,0
"GDE1",1,1,1,1,1,1,1,1,1,1,1,0,1
"SPRED1",0,1,0,0,0,0,1,0,0,0,0,0,0
"ELTD1",0,1,0,0,0,0,0,0,0,0,0,0,0
"TM4SF18",0,1,0,0,0,0,0,0,0,0,0,0,0
"FGFR1",1,1,1,1,1,1,1,1,1,0,1,0,1
"MLXIP",1,1,1,1,1,1,1,1,1,1,1,0,1
"ALDH1L2",0,0,0,0,0,0,1,0,0,0,0,0,0
"GPX4",1,1,1,1,1,1,0,1,1,1,1,1,1
"ACVRL1",0,1,0,0,0,0,0,0,0,0,0,0,0
"HNRNPAB",1,1,1,1,1,1,1,1,1,1,1,0,1
"TM9SF1",1,1,1,1,1,1,1,1,1,0,1,0,1
"CPVL",0,0,0,0,0,0,0,0,0,1,0,0,0
"HEBP2",1,1,1,1,1,1,1,1,1,1,1,0,1
"ATP2B1",1,1,1,1,1,1,1,1,1,1,1,0,1
"BNIP3",1,1,1,1,1,1,1,1,1,0,1,0,1
"MYD88",0,0,0,0,0,0,0,0,0,1,0,0,0
"KLF9",0,0,0,0,0,0,1,0,0,0,0,0,0
"ZNF469",0,0,0,0,0,0,1,0,0,0,0,0,0
"TRIM2",1,1,1,1,1,1,1,1,1,0,1,0,1
"FDX1",1,1,1,1,1,1,1,1,1,1,1,0,1
"CD93",0,1,0,0,0,0,0,0,0,0,0,0,0
"NDFIP2",1,1,1,1,1,1,1,1,1,0,1,1,1
"CHMP2B",1,1,1,1,1,1,1,1,1,1,1,0,1
"GOLPH3",1,1,1,1,1,1,1,1,1,1,1,0,1
"LTBR",1,1,1,1,1,1,1,1,1,1,1,0,1
"PIGT",1,1,1,1,1,1,1,1,1,1,1,0,1
"ACSL1",0,0,0,0,0,0,0,1,0,0,0,0,0
"CREG1",0,0,0,0,0,0,0,0,0,1,0,0,0
"LAMP2",1,1,1,1,1,1,1,1,1,1,1,0,1
"TBX2",0,0,0,0,0,0,1,0,0,0,0,0,0
"IL11",0,0,0,0,0,0,1,0,0,0,0,0,0
"GSTA4",1,1,1,1,1,1,1,1,1,0,1,0,1
"GATA2",0,0,0,0,0,0,0,0,0,0,0,1,0
"MAP3K13",1,1,1,1,1,1,1,1,1,1,1,0,1
"NECAP2",0,0,0,0,0,0,0,0,0,1,0,0,0
"GREM1",0,0,0,0,0,0,1,0,0,0,0,0,0
"RAMP2",0,1,0,0,0,0,0,0,0,0,0,0,0
"PCOLCE",0,0,0,0,0,0,0,0,0,0,1,0,0
"FOXF2",0,0,0,0,0,0,1,0,0,0,0,0,0
"MARCKS",1,1,1,1,1,1,1,1,1,1,1,0,1
"LCP1",0,0,0,0,0,0,0,0,0,1,0,1,0
"DACT1",0,0,0,0,0,0,1,0,0,0,0,0,0
"HCLS1",0,0,0,0,0,0,0,0,0,1,0,0,0
"PPIA",0,0,0,0,0,0,1,0,0,0,0,0,0
"TMEM173",0,1,0,0,0,0,0,0,0,0,0,0,0
"IL6ST",1,1,1,1,1,1,1,1,1,1,1,0,1
"WSB2",1,1,1,1,1,1,1,1,1,1,1,0,1
"RPL10L",0,0,0,0,0,0,1,0,0,0,0,0,0
"VWA5A",0,0,0,0,0,0,0,0,0,0,0,1,0
"F2RL3",0,1,0,0,0,0,0,0,0,0,0,0,0
"RDX",1,1,1,1,1,1,1,1,1,1,1,0,1
"ERG",0,1,0,0,0,0,0,0,0,0,0,0,0
"ACOX1",1,1,1,1,1,1,1,1,1,1,1,0,1
"PHGR1",0,0,0,0,0,0,0,1,0,0,0,0,0
"GPR116",0,1,0,0,0,0,0,0,0,0,0,0,0
"SH3BGRL3",0,0,0,0,0,0,0,0,0,0,0,1,0
"SLC16A3",0,0,0,0,0,0,0,0,0,1,0,0,0
"EMP3",0,0,0,0,0,0,0,0,0,1,1,1,0
"NPY1R",0,0,0,0,0,0,0,1,0,0,0,0,0
"TBXAS1",0,0,0,0,0,0,0,0,0,1,0,1,0
"FTH1P3",0,0,0,0,0,0,1,0,0,0,0,0,0
"SYNCRIP",1,1,1,1,1,1,1,1,1,1,1,0,1
"ECM1",0,0,0,0,0,0,0,0,0,0,1,0,0
"PASK",0,1,0,0,0,0,0,0,0,0,0,0,0
"ESM1",0,1,0,0,0,0,0,0,0,0,0,0,0
"NRP2",0,1,0,0,0,0,0,0,0,0,0,0,0
"CRK",1,1,1,1,1,1,1,1,1,1,1,0,1
"FAM174B",1,1,1,1,1,1,1,1,1,0,1,1,1
"SOCS3",0,1,0,0,0,0,0,0,0,0,0,0,0
"S1PR1",0,1,0,0,0,0,0,0,0,0,0,0,0
"AHCYL1",1,1,1,1,1,1,1,1,1,0,1,0,1
"CD82",0,0,0,0,0,0,0,0,0,0,0,1,0
"CALCRL",0,1,0,0,0,0,0,0,0,0,0,0,0
"CD68",0,0,0,0,0,0,0,0,0,1,0,0,0
"SLC35F6",1,1,1,1,1,1,1,1,1,1,1,0,1
"ETFA",1,1,1,1,1,1,1,1,1,1,1,0,1
"MGP",0,0,0,0,0,0,0,0,0,0,1,0,0
"CLEC14A",0,1,0,0,0,0,0,0,0,0,0,0,0
"CHMP1B",1,1,1,1,1,1,1,1,1,1,1,0,1
"EXOC3L2",0,1,0,0,0,0,0,0,0,0,0,0,0
"NPTN",1,1,1,1,1,1,1,1,1,1,1,0,1
"SOX18",0,1,0,0,0,0,0,0,0,0,0,0,0
"CCDC50",1,1,1,1,1,1,1,1,1,1,1,0,1
"LRP1",0,0,0,0,0,0,0,0,0,0,1,0,0
"MEF2C",0,1,0,0,0,0,0,0,0,0,0,0,0
"TPSB2",0,0,0,0,0,0,0,0,0,0,0,1,0
"MYO1B",1,1,1,1,1,1,1,1,1,0,1,0,1
"PDHA1",1,1,1,1,1,1,1,1,1,0,1,0,1
"KYNU",0,0,0,0,0,0,0,0,0,1,0,0,0
"C1orf186",0,0,0,0,0,0,0,0,0,0,0,1,0
"RPS10",0,0,0,0,0,0,1,0,0,0,0,0,0
"YWHAB",1,1,1,1,1,1,1,1,0,1,1,1,1
"DCBLD2",0,0,0,0,0,0,1,0,0,0,0,0,0
"S100A4",0,0,0,0,0,0,0,0,0,0,0,1,0
"MYCT1",0,1,0,0,0,0,0,0,0,0,0,0,0
"FAM43A",0,1,0,0,0,0,0,0,0,0,0,0,0
"NAV1",0,0,0,0,0,0,1,0,0,0,0,0,0
"TPSAB1",0,0,0,0,0,0,0,0,0,0,0,1,0
"CXCR4",0,1,0,0,0,0,0,0,0,0,0,0,0
"FAM49A",0,0,0,0,0,0,0,0,0,1,0,0,0
"MPP1",0,0,0,0,0,0,0,0,0,1,0,1,0
"LAPTM5",0,0,0,0,0,0,0,0,0,1,0,1,0
"MMP1",0,1,0,0,0,0,0,0,0,0,0,0,0
"DYNC1H1",1,1,1,1,1,1,1,1,1,1,1,0,1
"PTPRB",0,1,0,0,0,0,0,0,0,0,0,0,0
"PIM1",0,0,0,0,0,0,0,0,0,1,0,0,0
"FLJ44635",0,0,0,0,0,0,1,0,0,0,0,0,0
"SRGN",0,0,0,0,0,0,0,0,0,1,0,1,0
"ETS1",0,1,0,0,0,0,1,0,0,0,0,0,0
"FURIN",1,1,1,1,1,1,1,1,1,1,1,0,1
"SMIM14",1,1,1,1,1,1,1,1,1,0,1,0,1
"GPR4",0,1,0,0,0,0,0,0,0,0,0,0,0
"CPA3",0,0,0,0,0,0,0,0,0,0,0,1,0
"SACS",0,0,0,0,0,0,1,0,0,0,0,0,0
"IFT57",1,1,1,1,1,1,1,1,1,0,1,0,1
"TBL1XR1",1,1,1,1,1,1,1,1,1,1,1,0,1
"MIR17HG",0,0,0,0,0,0,0,0,1,0,0,0,0
"ROBO4",0,1,0,0,0,0,0,0,0,0,0,0,0
"LGALS3BP",1,0,1,1,1,1,1,1,1,0,1,0,1
"RHOQ",0,0,0,0,0,0,1,0,0,0,0,0,0
"PDGFB",0,1,0,0,0,0,0,0,0,0,0,0,0
"SELM",0,0,0,0,0,0,0,0,0,0,1,0,0
"LAT2",0,0,0,0,0,0,0,0,0,0,0,1,0
"PEAK1",0,0,0,0,0,0,1,0,0,0,0,0,0
"CD81",1,1,1,1,1,1,1,1,1,1,1,0,1
"MXRA7",1,1,1,1,1,1,1,1,1,0,1,0,1
"PTGS1",0,0,0,0,0,0,0,0,0,0,0,1,0
"TMEM106B",1,1,1,1,1,1,1,1,1,0,1,0,1
"CLIC2",0,1,0,0,0,0,0,0,0,0,0,0,0
"TFRC",1,1,1,1,1,1,1,1,1,1,1,0,1
"IFI27",0,1,0,0,0,0,0,0,0,0,0,0,0
"LINC00261",0,0,0,0,0,0,0,1,0,0,0,0,0
"TIE1",0,1,0,0,0,0,0,0,0,0,0,0,0
"RPS6KA1",0,0,0,0,0,0,0,0,0,1,0,0,0
"PPM1G",1,1,1,1,1,1,1,1,1,1,1,0,1
"OPTN",1,1,1,1,1,1,1,1,1,0,1,0,1
"RHOBTB3",1,1,1,1,1,1,1,1,1,0,1,1,1
"VWF",0,1,0,0,0,0,0,0,0,0,0,0,0
"MIR143HG",0,0,0,0,0,0,1,0,0,0,0,0,0
"NKX2.3",0,1,0,0,0,0,0,0,0,0,0,0,0
"IRAK1",1,1,1,1,1,1,1,1,1,1,1,0,1
"ECSCR",0,1,0,0,0,0,0,0,0,0,0,0,0
"EMCN",0,1,0,0,0,0,0,0,0,0,0,0,0
"MMRN2",0,1,0,0,0,0,0,0,0,0,0,0,0
"GIMAP4",0,1,0,0,0,0,0,0,0,0,0,0,0
"HDLBP",1,1,1,1,1,1,1,1,1,1,1,0,1
"SLCO2A1",0,1,0,0,0,0,0,0,0,0,0,0,0
"ABCC4",0,0,0,0,0,0,0,0,0,0,0,1,0
"TMX4",1,1,1,1,1,1,1,1,1,0,1,0,1
"MTRNR2L1",0,0,0,0,0,0,1,0,0,0,0,0,0
"PRDX3",1,1,1,1,1,1,1,1,1,1,1,0,1
"SRP14",1,1,1,1,1,1,1,1,0,1,1,1,1
"NOTCH4",0,1,0,0,0,0,0,0,0,0,0,0,0
"MTRNR2L8",0,0,0,0,0,0,1,0,0,0,0,0,0
"ANGPT2",0,1,0,0,0,0,0,0,0,0,0,0,0
"LPGAT1",1,1,1,1,1,1,1,1,1,1,1,0,1
"NUCKS1",1,1,1,1,1,1,1,1,1,1,1,0,1
"ACTB",1,1,1,1,1,1,1,1,0,1,1,1,1
"CDH5",0,1,0,0,0,0,0,0,0,0,0,0,0
"FADS2",0,0,0,0,0,0,0,0,0,0,1,0,0
"CTBP1",1,1,1,1,1,1,1,1,1,1,1,0,1
"MLF2",1,1,1,1,1,1,1,1,1,1,1,0,1
"SLC31A2",0,0,0,0,0,0,0,0,0,1,0,0,0
"VSTM4",0,0,0,0,0,0,1,0,0,0,1,0,0
"LRRC8C",0,1,0,0,0,0,0,0,0,0,0,0,0
"MYO9B",0,0,0,0,0,0,0,0,0,1,0,0,0
"NDUFV2",1,1,1,1,1,1,1,1,1,1,1,0,1
"KIT",0,0,0,0,0,0,0,0,0,0,0,1,0
"UBE2R2",1,1,1,1,1,1,1,1,1,1,1,0,1
"YKT6",1,1,1,1,1,1,1,1,1,1,1,0,1
"ARHGEF6",0,0,0,0,0,0,0,0,0,0,0,1,0
"CUX1",1,1,1,1,1,1,1,1,1,1,1,0,1
"FCER1G",0,0,0,0,0,0,0,0,0,1,0,1,0
"SPG21",1,1,1,1,1,1,1,1,1,1,1,0,1
"NRAS",1,1,1,1,1,1,1,1,1,1,1,0,1
"ABI3",0,1,0,0,0,0,0,0,0,0,0,0,0
"RPL36A.HNRNPH2",0,0,0,0,0,0,1,0,0,0,0,0,0
"RPL13AP20",0,0,0,0,0,0,1,0,0,0,0,0,0
"COL13A1",0,1,0,0,0,0,0,0,0,0,0,0,0
"HPGDS",0,0,0,0,0,0,0,0,0,0,0,1,0
"GMPR",0,0,0,0,0,0,0,0,0,0,0,1,0
"RAC2",0,0,0,0,0,0,0,0,0,0,0,1,0
"PTPLAD1",1,1,1,1,1,1,1,1,1,1,1,0,1
"PTPN6",0,0,0,0,0,0,0,0,0,1,0,1,0
"LTC4S",0,0,0,0,0,0,0,0,0,0,0,1,0
"PDXK",1,1,1,1,1,1,1,1,1,1,1,0,1
"DNAJC1",1,1,1,1,1,1,1,1,1,0,1,1,1
"TRA2B",1,1,1,1,1,1,1,1,1,1,1,0,1
"YBX1",0,0,0,0,0,0,1,0,0,0,0,0,0
"RGS1",0,0,0,0,0,0,0,0,0,0,0,1,0
"DAAM2",0,0,0,0,0,0,0,0,1,0,0,0,0
"NKX3.1",0,0,0,0,0,0,0,0,1,0,0,0,0
"SHANK3",0,1,0,0,0,0,0,0,0,0,0,0,0
"CNP",1,1,1,1,1,1,1,1,1,1,1,0,1
"RNF114",1,1,1,1,1,1,1,1,1,1,1,0,1
"REEP3",1,1,1,1,1,1,1,1,1,1,1,0,1
"LMOD3",0,0,0,0,0,0,0,0,1,0,0,0,0
"SCARB2",1,1,1,1,1,1,1,1,1,1,1,0,1
"MTRNR2L2",0,0,0,0,0,0,1,0,0,0,0,0,0
"PRKAR1A",1,1,1,1,1,1,1,1,1,1,1,0,1
"ANXA13",0,0,0,0,0,0,0,1,0,0,0,0,0
"SIGLEC6",0,0,0,0,0,0,0,0,0,0,0,1,0
"IMP4",1,1,1,1,1,1,1,1,1,1,1,0,1
"HEY1",0,1,0,0,0,0,0,0,0,0,0,0,0
"IRF5",0,0,0,0,0,0,0,0,0,1,0,0,0
"HLA.DQA1",0,0,0,0,0,0,0,0,0,1,0,0,0
"SEC63",1,1,1,1,1,1,1,1,1,1,1,0,1
"GUK1",1,1,1,1,1,1,0,1,1,1,1,1,1
"GAA",0,0,0,0,0,0,0,0,0,1,0,0,0
"POLR2E",1,1,1,1,1,1,1,1,1,1,1,0,1
"SDPR",0,0,0,0,0,0,0,0,0,0,0,1,0
"KPNB1",1,1,1,1,1,1,1,1,1,1,1,0,1
"MCRS1",0,0,0,0,0,0,0,0,0,1,0,0,0
"RNF13",1,1,1,1,1,1,1,1,1,1,1,0,1
"EIF4E",1,1,1,1,1,1,1,1,1,1,1,0,1
"ACP5",0,0,0,0,0,0,0,0,0,1,0,0,0
"ALOX5AP",0,0,0,0,0,0,0,0,0,0,0,1,0
"IL13RA1",1,1,1,1,1,1,1,1,1,1,1,0,1
"TESPA1",0,0,0,0,0,0,0,0,0,0,0,1,0
"PSMB5",1,1,1,1,1,1,1,1,1,1,1,0,1
"NAPRT1",0,0,0,0,0,0,0,0,0,1,0,0,0
"FBXO21",1,1,1,1,1,1,1,1,1,1,1,0,1
"SLAMF7",0,0,0,0,0,0,0,0,0,1,0,0,0
"NDUFB9",1,1,1,1,1,1,1,1,1,1,1,0,1
"CYB561",1,1,1,1,1,1,1,1,1,0,1,1,1
"TAF9",1,1,1,1,1,1,1,1,1,1,1,0,1
"CD53",0,0,0,0,0,0,0,0,0,1,0,1,0
"MS4A2",0,0,0,0,0,0,0,0,0,0,0,1,0
"ZNF267",0,0,0,0,0,0,0,0,0,1,0,0,0
"TNFRSF1B",0,0,0,0,0,0,0,0,0,1,0,0,0
"TOP1",1,1,1,1,1,1,1,1,1,1,1,0,1
"TNS3",0,0,0,0,0,0,1,0,0,0,0,0,0
"ARRB2",0,0,0,0,0,0,0,0,0,1,0,1,0
"ALG2",1,1,1,1,1,1,1,1,1,1,1,0,1
"GOLGA4",1,1,1,1,1,1,1,1,1,1,1,0,1
"AFG3L2",1,1,1,1,1,1,1,1,1,1,1,0,1
"EMILIN2",0,0,0,0,0,0,0,0,0,1,0,0,0
"SASH3",0,0,0,0,0,0,0,0,0,0,0,1,0
"HCK",0,0,0,0,0,0,0,0,0,1,0,0,0
"ITGB2",0,0,0,0,0,0,0,0,0,1,0,0,0
"ATXN1",0,0,0,0,0,0,1,0,0,0,0,0,0
"IPO7",0,0,0,0,0,0,1,0,0,0,0,0,0
"STRN3",1,1,1,1,1,1,1,1,1,1,1,0,1
"ATP2A2",1,1,1,1,1,1,1,1,1,1,1,0,1
"TNFSF13B",0,0,0,0,0,0,0,0,1,0,0,0,0
"RANBP2",1,1,1,1,1,1,1,1,1,1,1,0,1
"KBTBD2",0,1,0,0,0,0,0,0,0,0,0,0,0
"TYROBP",0,0,0,0,0,0,0,0,0,1,0,0,0
"MOB1A",0,0,0,0,0,0,0,0,0,1,0,0,0
"DUSP5",0,0,0,0,0,0,1,0,0,0,0,0,0
"CYP27A1",0,0,0,0,0,0,0,0,0,1,0,0,0
"ATP6V0A1",1,1,1,1,1,1,1,1,1,1,1,0,1
"FOS",1,1,1,1,1,1,1,1,1,1,1,0,1
"CD300A",0,0,0,0,0,0,0,0,0,1,0,1,0
"C16orf54",0,0,0,0,0,0,0,0,0,0,0,1,0
"GPSM3",0,0,0,0,0,0,0,0,0,1,0,0,0
"GPR35",0,0,0,0,0,0,0,0,0,0,0,1,0
"ZNF697",0,0,0,0,0,0,1,0,0,0,0,0,0
"LARP4B",1,1,1,1,1,1,1,1,1,1,1,0,1
"THEMIS2",0,0,0,0,0,0,0,0,0,1,0,0,0
"SAMSN1",0,0,0,0,0,0,0,0,0,0,0,1,0
"C6orf89",1,1,1,1,1,1,1,1,1,1,1,0,1
"FKBP9",1,1,1,1,1,1,1,1,1,0,1,0,1
"BATF",0,0,0,0,0,0,0,0,0,0,0,1,0
"C1orf122",1,1,1,1,1,1,1,1,1,1,1,0,1
"C17orf62",0,0,0,0,0,0,0,0,0,1,0,0,0
"SLC15A3",0,0,0,0,0,0,0,0,0,1,0,0,0
"PIK3R5",0,0,0,0,0,0,0,0,0,1,0,0,0
"C1QC",0,0,0,0,0,0,0,0,0,1,0,0,0
"KLHL6",0,0,0,0,0,0,0,0,0,0,0,1,0
"DYRK2",0,0,0,0,0,0,1,0,0,0,0,0,0
"CD86",0,0,0,0,0,0,0,0,0,1,0,0,0
"HLA.DQA2",0,0,0,0,0,0,0,0,0,1,0,0,0
"SYVN1",1,1,1,1,1,1,1,1,1,1,1,0,1
"ARF3",1,1,1,1,1,1,1,1,1,1,1,0,1
"PLEK",0,0,0,0,0,0,0,0,0,1,0,0,0
"MAVS",1,1,1,1,1,1,1,1,1,1,1,0,1
"C10orf128",0,0,0,0,0,0,0,0,0,0,0,1,0
"RHOH",0,0,0,0,0,0,0,0,0,0,0,1,0
"HAVCR2",0,0,0,0,0,0,0,0,0,0,0,1,0
"MYO1F",0,0,0,0,0,0,0,0,0,1,0,0,0
"BCL2A1",0,0,0,0,0,0,0,0,0,1,0,0,0
"CTTN",1,1,1,1,1,1,1,1,1,0,1,0,1
"LRRC25",0,0,0,0,0,0,0,0,0,1,0,0,0
"DDX5",1,1,1,1,1,1,1,1,0,1,1,1,1
"PPP4R1",1,1,1,1,1,1,1,1,1,0,1,0,1
"HMGCS2",0,0,0,0,0,0,0,1,0,0,0,0,0
"LEPRE1",0,0,0,0,0,0,0,0,0,0,1,0,0
"IRF8",0,0,0,0,0,0,0,0,0,1,0,0,0
"MAP4K4",0,0,0,0,0,0,1,0,0,0,0,0,0
"CDK2AP1",1,1,1,1,1,1,1,1,1,0,1,0,1
"SLC38A10",1,1,1,1,1,1,1,1,1,1,1,0,1
"PGAM1",0,0,0,0,0,0,1,0,0,0,0,0,0
"SSH1",0,0,0,0,0,0,1,0,0,0,0,0,0
"PLA2G7",0,0,0,0,0,0,0,0,0,1,0,0,0
"SLC31A1",1,1,1,1,1,1,1,1,1,1,1,0,1
"DCTN2",1,1,1,1,1,1,1,1,1,1,1,0,1
"SYNJ2",0,0,0,0,0,0,1,0,0,0,0,0,0
"TMEM167A",1,1,1,1,1,1,1,1,1,1,1,0,1
"C1QB",0,0,0,0,0,0,0,0,0,1,0,0,0
"CFP",0,0,0,0,0,0,0,0,0,1,0,0,0
"TBC1D15",1,1,1,1,1,1,1,1,1,1,1,0,1
"CD209",0,0,0,0,0,0,0,0,0,1,0,0,0
"UGGT1",1,1,1,1,1,1,1,1,1,1,1,0,1
"SLC43A2",0,0,0,0,0,0,0,0,0,1,0,0,0
"DUSP1",1,1,1,1,1,1,1,1,1,1,1,0,1
"MS4A4A",0,0,0,0,0,0,0,0,0,1,0,0,0
"PPAPDC1B",1,1,1,1,1,1,1,1,1,0,1,1,1
"EMR2",0,0,0,0,0,0,0,0,0,0,0,1,0
"CD48",0,0,0,0,0,0,0,0,0,1,0,0,0
"ATP6V1A",1,1,1,1,1,1,1,1,1,1,1,0,1
"GPR183",0,0,0,0,0,0,0,0,0,1,0,0,0
"ASGR1",0,0,0,0,0,0,0,1,0,0,0,0,0
"AIDA",0,0,0,0,0,0,1,0,0,0,0,0,0
"ARL3",1,1,1,1,1,1,1,1,1,1,1,0,1
"ITGB7",0,0,0,0,0,0,0,0,0,1,0,0,0
"SDS",0,0,0,0,0,0,0,0,0,1,0,0,0
"IGSF6",0,0,0,0,0,0,0,0,0,1,0,0,0
"MTRNR2L10",0,0,0,0,0,0,0,0,1,0,0,0,0
"GAK",0,0,0,0,0,0,0,0,0,1,0,0,0
"CD22",0,0,0,0,0,0,0,0,0,0,0,1,0
"ARPC1A",1,1,1,1,1,1,1,1,1,1,1,0,1
"DUSP3",1,1,1,1,1,1,1,1,1,1,1,0,1
"NDUFA12",1,1,1,1,1,1,1,1,1,1,1,0,1
"CYBB",0,0,0,0,0,0,0,0,0,1,0,0,0
"LAT",0,0,0,0,0,0,0,0,0,0,0,1,0
"LILRB4",0,0,0,0,0,0,0,0,0,1,0,0,0
"SPI1",0,0,0,0,0,0,0,0,0,1,0,0,0
"RAB13",1,1,1,1,1,1,1,1,1,1,1,0,1
"TM4SF5",0,0,0,0,0,0,0,1,0,0,0,0,0
"KCMF1",1,1,1,1,1,1,1,1,1,1,1,0,1
"S1PR2",0,0,0,0,0,0,0,0,0,1,0,0,0
"C1QA",0,0,0,0,0,0,0,0,0,1,0,0,0
"MS4A7",0,0,0,0,0,0,0,0,0,1,0,0,0
"TRAF3IP3",0,0,0,0,0,0,0,0,0,0,0,1,0
"HNRNPA3",0,0,0,0,0,0,1,0,0,0,0,0,0
"TCEAL4",1,1,1,1,1,1,1,1,1,1,1,0,1
"VPS41",1,1,1,1,1,1,1,1,1,1,1,0,1
"PDAP1",1,1,1,1,1,1,1,1,1,1,1,0,1
"BMPR2",1,1,1,1,1,1,1,1,1,1,1,0,1
"ATP2C1",1,1,1,1,1,1,1,1,1,1,1,0,1
"ARFGEF2",1,1,1,1,1,1,1,1,1,1,1,0,1
"FAM212A",0,0,0,0,0,0,0,0,0,0,0,1,0
"IMMT",1,1,1,1,1,1,1,1,1,1,1,0,1
"MKLN1",1,1,1,1,1,1,1,1,1,1,1,0,1
"SEC14L1",0,1,0,0,0,0,0,0,0,0,0,0,0
"SETX",1,1,1,1,1,1,1,1,1,1,1,0,1
"HDAC1",1,1,1,1,1,1,1,1,1,1,1,0,1
"TMX1",1,1,1,1,1,1,1,1,1,1,1,0,1
"BBX",1,1,1,1,1,1,1,1,1,0,1,0,1
"APOE",0,0,0,0,0,0,0,0,0,1,0,0,0
"LSP1",0,0,0,0,0,0,0,0,0,1,0,0,0
"RPS26P11",0,0,0,0,0,0,1,0,0,0,0,0,0
"MTCH1",1,1,1,1,1,1,1,1,1,1,1,0,1
"PTS",1,1,1,1,1,1,1,1,1,0,1,0,1
"CFL2",1,1,1,1,1,1,1,1,1,0,1,0,1
"SEC31A",1,1,1,1,1,1,1,1,1,1,1,0,1
"CRELD2",1,1,1,1,1,1,1,1,1,1,1,0,1
"CCNL2",1,1,1,1,1,1,1,1,1,0,1,1,1
"SRP72",1,1,1,1,1,1,1,1,1,1,1,0,1
"RERE",1,1,1,1,1,1,1,1,1,0,1,1,1
"MAPKAPK2",0,0,0,0,0,0,1,0,0,0,0,0,0
"SLC37A2",0,0,0,0,0,0,0,0,0,1,0,0,0
"CACUL1",1,1,1,1,1,1,1,1,1,1,1,0,1
"ARF1",1,1,1,1,1,1,1,1,0,1,1,1,1
"SNRNP200",1,1,1,1,1,1,1,1,1,1,1,0,1
"ZNF652",1,1,1,1,1,1,1,1,1,1,1,0,1
"UXT",1,1,1,1,1,1,1,1,1,1,1,0,1
"NDUFAB1",1,1,1,1,1,1,1,1,1,1,1,0,1
"MGST3",1,1,1,1,1,1,1,1,1,1,1,0,1
"SDHB",1,1,1,1,1,1,1,1,1,1,1,0,1
"SLC18A2",0,0,0,0,0,0,0,0,0,0,0,1,0
"WASL",1,1,1,1,1,1,1,1,1,0,1,0,1
"SYNJ2BP",1,1,1,1,1,1,1,1,1,1,1,0,1
"OCIAD1",1,1,1,1,1,1,1,1,1,1,1,0,1
"MRFAP1",1,1,1,1,1,1,1,1,1,1,1,0,1
"ATXN2L",1,1,1,1,1,1,1,1,1,1,1,0,1
"GLA",0,0,0,0,0,0,0,0,0,1,0,0,0
"KIF1B",1,1,1,1,1,1,1,1,1,1,1,0,1
"DPH2",1,1,1,1,1,1,1,1,1,0,1,1,1
"UBQLN1",1,1,1,1,1,1,1,1,1,1,1,0,1
"LACC1",0,0,0,0,0,0,0,0,0,1,0,0,0
"ASNA1",1,1,1,1,1,1,1,1,1,1,1,0,1
"SNRNP70",1,1,1,1,1,1,1,1,1,1,1,0,1
"ARAP1",0,0,0,0,0,0,0,0,0,1,0,0,0
"TTC19",1,1,1,1,1,1,1,1,1,1,1,0,1
"PRPF38B",1,1,1,1,1,1,1,1,1,1,1,0,1
"LSM3",1,1,1,1,1,1,1,1,1,1,1,0,1
"DYNLL1",1,1,1,1,1,1,1,1,0,1,1,0,1
"RNF135",0,0,0,0,0,0,0,0,0,1,0,0,0
"BOD1L1",1,1,1,1,1,1,1,1,1,1,1,0,1
"ENTPD4",1,1,1,1,1,1,1,1,1,0,1,0,1
"MMD",0,0,0,0,0,0,0,0,0,1,0,0,0
"TRAPPC4",1,1,1,1,1,1,1,1,1,1,1,0,1
"RBM12",1,1,1,1,1,1,1,1,1,1,1,0,1
"C5orf24",1,1,1,1,1,1,1,1,1,1,1,0,1
"NCKAP1",1,1,1,1,1,1,1,1,1,0,1,0,1
"CELF2",0,0,0,0,0,0,0,0,0,1,0,1,0
"NR2F6",1,1,1,1,1,1,1,1,1,0,1,0,1
"TTC37",1,1,1,1,1,1,1,1,1,1,1,0,1
"UBAP2L",1,1,1,1,1,1,1,1,1,1,1,0,1
"POLR2F",1,1,1,1,1,1,1,1,1,1,1,0,1
"OAT",1,1,1,1,1,1,1,1,1,1,1,0,1
"RARS",1,1,1,1,1,1,1,1,1,1,1,0,1
"ANKRD17",1,1,1,1,1,1,1,1,1,1,1,0,1
"ATP6V0A2",0,0,0,0,0,0,0,0,0,0,0,1,0
"RBFOX2",1,1,1,1,1,1,1,1,1,0,1,0,1
"XIAP",1,1,1,1,1,1,1,1,1,1,1,0,1
"CNOT2",1,1,1,1,1,1,1,1,1,1,1,0,1
"EAF1",1,1,1,1,1,1,1,1,1,1,1,0,1
"UBE3C",1,1,1,1,1,1,1,1,1,1,1,0,1
"MYO1D",1,1,1,1,1,1,1,1,1,0,1,0,1
"PRKRA",1,1,1,1,1,1,1,1,1,1,1,0,1
"RAB18",1,1,1,1,1,1,1,1,1,1,1,0,1
"FGD5.AS1",1,1,1,1,1,1,1,1,1,1,1,0,1
"IWS1",1,1,1,1,1,1,1,1,1,1,1,0,1
"CDKN2A",0,0,0,0,0,0,0,1,0,0,0,0,0
"TM9SF4",0,0,0,0,0,0,0,0,0,1,0,0,0
"MTCH2",1,1,1,1,1,1,1,1,1,1,1,0,1
"SMAD5",1,1,1,1,1,1,1,1,1,0,1,0,1
"PAFAH1B1",1,1,1,1,1,1,1,1,1,1,1,0,1
"LGMN",1,1,1,1,1,1,1,1,1,1,1,0,1
"CD83",0,0,0,0,0,0,0,0,0,1,0,0,0
"PSMC4",1,1,1,1,1,1,1,1,1,1,1,0,1
"SHOC2",1,1,1,1,1,1,1,1,1,1,1,0,1
"DYNLT1",1,1,1,1,1,1,1,1,1,1,1,0,1
"NCOA3",1,1,1,1,1,1,1,1,1,1,1,0,1
"NSMCE1",0,0,0,0,0,0,0,0,0,0,0,1,0
"PKD1P1",0,0,0,0,0,0,1,0,0,0,0,0,0
"TSEN54",1,1,1,1,1,1,1,1,1,0,1,1,1
"NDFIP1",1,1,1,1,1,1,1,1,1,1,1,0,1
"KCNQ1OT1",0,0,0,0,0,0,1,0,0,0,0,0,0
"GDI1",1,1,1,1,1,1,1,1,1,1,1,0,1
"WAC",1,1,1,1,1,1,1,1,1,1,1,0,1
"SRSF8",1,1,1,1,1,1,1,1,1,0,1,0,1
"MYCBP2",1,1,1,1,1,1,1,1,1,1,1,0,1
"ACOT7",0,0,0,0,0,0,0,1,0,0,0,0,0
"MFN2",1,1,1,1,1,1,1,1,1,1,1,0,1
"RNF40",0,0,0,0,0,0,0,0,0,1,0,0,0
"H3F3B",1,1,1,1,1,1,1,1,0,1,1,1,1
"SUCLG1",1,1,1,1,1,1,1,1,1,1,1,0,1
"AKR7A2",1,1,1,1,1,1,1,1,1,1,1,0,1
"CFDP1",1,1,1,1,1,1,1,1,1,1,1,0,1
"IVD",0,0,0,0,0,0,0,0,0,0,0,1,0
"WBP5",1,1,1,1,1,1,1,1,1,1,1,0,1
"M6PR",0,0,0,0,0,0,0,0,0,1,0,0,0
"ARFIP2",1,1,1,1,1,1,1,1,1,0,1,0,1
"MTX2",1,1,1,1,1,1,1,1,1,1,1,0,1
"LOC100131257",1,1,1,1,1,1,1,1,1,0,0,0,1
"OSTF1",0,0,0,0,0,0,0,0,0,1,0,0,0
"RBM25",1,1,1,1,1,1,1,1,1,1,1,0,1
"CC2D2A",1,1,1,1,1,1,1,1,1,0,1,1,1
"CNOT1",1,1,1,1,1,1,1,1,1,1,1,0,1
"UGDH.AS1",0,0,0,0,0,0,1,0,0,0,0,0,0
"ESYT2",1,1,1,1,1,1,1,1,1,1,1,0,1
"GNA12",1,1,1,1,1,1,1,1,1,1,1,0,1
"PSMD7",1,1,1,1,1,1,1,1,1,1,1,0,1
"ZNF770",1,1,1,1,1,1,1,1,1,1,1,0,1
"C16orf72",0,0,0,0,0,0,1,0,0,0,0,0,0
"KPNA6",1,1,1,1,1,1,1,1,1,1,1,0,1
"TMEM131",1,1,1,1,1,1,1,1,1,1,1,0,1
"WDR33",1,1,1,1,1,1,1,1,1,1,1,0,1
"ARRDC3",1,1,1,1,1,1,1,1,1,1,1,0,1
"ACAD8",1,1,1,1,1,1,1,1,1,0,1,1,1
"PGRMC1",1,1,1,1,1,1,1,1,1,1,1,0,1
"NF1",1,1,1,1,1,1,1,1,1,1,1,0,1
"NOP56",1,1,1,1,1,1,1,1,1,0,1,0,1
"DDX42",1,1,1,1,1,1,1,1,1,1,1,0,1
"CDC42BPB",1,1,1,1,1,1,1,1,1,0,1,0,1
"SCPEP1",1,1,1,1,1,1,1,1,1,1,1,0,1
"SLC35B1",1,1,1,1,1,1,1,1,1,1,1,0,1
"MAB21L3",1,1,1,1,1,1,1,1,1,0,0,0,1
"HEATR5A",1,1,1,1,1,1,1,1,1,1,1,0,1
"LOC643406",1,1,1,1,1,1,1,1,1,0,0,0,1
"BRK1",1,1,1,1,1,1,1,1,1,1,1,0,1
"FAM127C",1,1,1,1,1,1,1,1,1,0,1,1,1
"PPP1R15B",1,1,1,1,1,1,1,1,1,1,1,0,1
"RORA",1,1,1,1,1,1,1,1,1,0,1,1,1
"SDSL",0,0,0,0,0,0,0,0,0,1,0,0,0
"WDR60",1,1,1,1,1,1,1,1,1,0,1,1,1
"BCLAF1",1,1,1,1,1,1,1,1,1,1,1,0,1
"ABR",0,0,0,0,0,0,0,0,0,1,0,0,0
"COPS5",1,1,1,1,1,1,1,1,1,1,1,0,1
"PSMD2",1,1,1,1,1,1,1,1,1,1,1,0,1
"ATP6V1H",1,1,1,1,1,1,1,1,1,1,1,0,1
"TAOK1",0,0,0,0,0,0,1,0,0,0,0,0,0
"YLPM1",1,1,1,1,1,1,1,1,1,1,1,0,1
"XPO6",1,1,1,1,1,1,1,1,1,1,1,0,1
"ITFG1",1,1,1,1,1,1,1,1,1,1,1,0,1
"PCMT1",1,1,1,1,1,1,1,1,1,1,1,0,1
"RPS19BP1",1,1,1,1,1,1,1,1,1,1,1,0,1
"CNST",0,1,0,0,0,0,0,0,0,0,0,0,0
"ARMCX3",1,1,1,1,1,1,1,1,1,0,1,1,1
"EDEM1",1,1,1,1,1,1,1,1,1,1,1,0,1
"HNRNPH3",1,1,1,1,1,1,1,1,1,1,1,0,1
"PTK2",1,1,1,1,1,1,1,1,1,0,1,0,1
"NDUFA9",1,1,1,1,1,1,1,1,1,1,1,0,1
"BAZ1B",1,1,1,1,1,1,1,1,1,1,1,0,1
"ZMYM2",1,1,1,1,1,1,1,1,1,0,1,0,1
"PEX19",1,1,1,1,1,1,1,1,1,1,1,0,1
"FAM8A1",1,1,1,1,1,1,1,1,1,0,1,0,1
"SNX11",0,0,0,0,0,0,0,0,0,1,0,0,0
"ABI2",1,1,1,1,1,1,1,1,1,0,1,0,1
"RCOR3",1,1,1,1,1,1,1,1,1,1,1,0,1
"SLC30A9",1,1,1,1,1,1,1,1,1,1,1,0,1
"PHC2",0,0,0,0,0,0,1,0,0,0,0,0,0
"GRB2",0,0,0,0,0,0,0,0,0,1,0,0,0
"SREK1",1,1,1,1,1,1,1,1,1,1,1,0,1
"TIPARP",1,1,1,1,1,1,1,1,1,0,1,1,1
"FXR1",1,1,1,1,1,1,1,1,1,1,1,0,1
"RNF14",1,1,1,1,1,1,1,1,1,1,1,0,1
"FNBP1",0,0,0,0,0,0,0,0,0,1,0,0,0
"ATXN7L3B",1,1,1,1,1,1,1,1,1,1,1,0,1
"C5orf51",1,1,1,1,1,1,1,1,1,1,1,0,1
"PPP2R2A",1,1,1,1,1,1,1,1,1,1,1,0,1
"KIAA0368",1,1,1,1,1,1,1,1,1,1,1,0,1
"PFDN2",1,1,1,1,1,1,1,1,1,1,1,0,1
"METTL23",1,1,1,1,1,1,1,1,1,1,1,0,1
"ORC5",1,1,1,1,1,1,1,1,1,0,1,1,1
"GM2A",0,0,0,0,0,0,0,0,0,1,0,0,0
"ZDHHC4",1,1,1,1,1,1,1,1,1,1,1,0,1
"TIA1",1,1,1,1,1,1,1,1,1,1,1,0,1
"LARP7",1,1,1,1,1,1,1,1,1,1,1,0,1
"CTCF",1,1,1,1,1,1,1,1,1,1,1,0,1
"ALG13",1,1,1,1,1,1,1,1,1,1,1,0,1
"MED6",1,1,1,1,1,1,1,1,1,1,1,0,1
"SLU7",1,1,1,1,1,1,1,1,1,1,1,0,1
"ARL16",1,1,1,1,1,1,1,1,1,0,1,1,1
"SDF2",1,1,1,1,1,1,1,1,1,1,1,0,1
"SREBF1",1,1,1,1,1,1,1,1,1,1,1,0,1
"TUBE1",1,1,1,1,1,1,1,1,1,0,1,1,1
"H1FX",1,1,1,1,1,1,1,1,1,1,1,0,1
"QTRT1",1,1,1,1,1,1,1,1,1,0,1,1,1
"HPS5",0,0,0,0,0,0,0,0,0,1,0,0,0
"LRSAM1",1,1,1,1,1,1,1,1,1,0,1,1,1
"YIPF6",1,1,1,1,1,1,1,1,1,0,1,0,1
"GRIPAP1",1,1,1,1,1,1,1,1,1,1,1,0,1
"MRPL17",1,1,1,1,1,1,1,1,1,1,1,0,1
"NUDT16",0,0,0,0,0,0,0,0,0,1,0,0,0
"CUEDC2",1,1,1,1,1,1,1,1,1,1,1,0,1
"FBXO8",1,1,1,1,1,1,1,1,1,0,1,1,1
"FUNDC2",1,1,1,1,1,1,1,1,1,1,1,0,1
"LINC00493",1,1,1,1,1,1,1,1,1,1,1,0,1
"SEC22C",1,1,1,1,1,1,1,1,1,1,1,0,1
"C1GALT1C1",1,1,1,1,1,1,1,1,1,1,1,0,1
"PSMD14",1,1,1,1,1,1,1,1,1,1,1,0,1
"ACP1",1,1,1,1,1,1,1,1,1,1,1,0,1
"RNF113A",1,1,1,1,1,1,1,1,1,0,1,1,1
"COMMD1",1,1,1,1,1,1,1,1,1,1,1,0,1
"DNM1L",1,1,1,1,1,1,1,1,1,1,1,0,1
"DCTN3",1,1,1,1,1,1,1,1,1,1,1,0,1
"MED27",1,1,1,1,1,1,1,1,1,0,1,1,1
"GPATCH8",1,1,1,1,1,1,1,1,1,1,1,0,1
"RSPRY1",1,1,1,1,1,1,1,1,1,1,1,0,1
"PCNA",1,1,1,1,1,1,1,1,1,1,1,0,1
"HKR1",1,1,1,1,1,1,1,1,1,0,1,1,1
"CREBL2",1,1,1,1,1,1,1,1,1,1,1,0,1
"RABEP1",1,1,1,1,1,1,1,1,1,1,1,0,1
"TMEM42",1,1,1,1,1,1,1,1,1,0,1,1,1
"IFT46",1,1,1,1,1,1,1,1,1,0,1,0,1
"XRCC1",1,1,1,1,1,1,1,1,1,0,1,1,1
"TMEM170A",0,0,0,0,0,0,0,0,0,1,0,0,0
"ASNSD1",1,1,1,1,1,1,1,1,1,0,1,0,1
"IDH3A",1,1,1,1,1,1,1,1,1,1,1,0,1
"NUDT16L1",1,1,1,1,1,1,1,1,1,1,1,0,1
"FAM134A",1,1,1,1,1,1,1,1,1,1,1,0,1
"ZRANB1",1,1,1,1,1,1,1,1,1,1,1,0,1
"ZNF22",1,1,1,1,1,1,1,1,1,1,1,0,1
"AGK",1,1,1,1,1,1,1,1,1,0,1,1,1
"ALDH9A1",1,1,1,1,1,1,1,1,1,1,1,0,1
"ZNF280D",1,1,1,1,1,1,1,1,1,0,1,1,1
"PSMD10",1,1,1,1,1,1,1,1,1,1,1,0,1
"MED28",0,0,0,0,0,0,0,0,0,1,0,0,0
"RPS4Y1",1,1,1,1,1,1,1,1,1,0,1,1,1
"COQ10B",1,1,1,1,1,1,1,1,1,1,1,0,1
"ARMCX1",1,1,1,1,1,1,1,1,1,0,1,0,1
