"","ductal","endothelial","delta","acinar","beta","gamma","mesenchymal","epsilon","alpha"
"ABCC3__chr17",1,0,0,1,0,0,0,0,0
"ABCC8__chr11",0,0,1,0,1,1,0,1,1
"ADCY1__chr7",0,0,0,0,0,0,0,1,1
"ADCYAP1__chr18",0,0,0,0,1,0,0,0,0
"AKR1C3__chr10",0,0,0,1,0,0,0,0,0
"ALB__chr4",0,0,0,1,0,0,0,0,0
"ALDH1A1__chr9",1,0,1,1,1,1,0,1,1
"ALDH1A3__chr15",1,0,0,0,0,0,0,0,0
"ALDOB__chr9",0,0,0,1,0,0,0,0,0
"ANPEP__chr15",0,0,0,1,0,0,0,0,0
"ANXA2P2__chr9",1,1,0,1,0,0,1,0,0
"ANXA2__chr15",1,1,0,1,0,0,1,0,0
"ANXA3__chr4",1,0,0,0,0,0,0,0,0
"ANXA4__chr2",1,0,0,1,0,0,0,0,0
"AOX1__chr2",0,0,0,1,0,0,0,0,0
"APLP1__chr19",0,0,1,0,1,1,0,1,1
"ARX__chrX",0,0,0,0,0,1,0,1,1
"ATP10B__chr5",0,0,0,1,0,0,0,0,0
"B3GNT7__chr2",0,0,0,1,0,0,0,0,0
"BACE2__chr21",1,0,0,1,0,0,0,0,0
"BCAT1__chr12",0,0,0,1,0,0,0,0,0
"BEX1__chrX",0,0,1,0,1,1,0,1,1
"BEX2__chrX",0,0,1,0,1,1,0,1,1
"BGN__chrX",0,0,0,0,0,0,1,0,0
"C15orf48__chr15",0,0,0,1,0,0,0,0,0
"CADPS__chr3",0,0,1,0,1,1,0,0,1
"CALD1__chr7",0,0,0,0,0,0,1,0,0
"CAMK2B__chr7",0,0,1,0,1,1,0,1,1
"CAMK2N1__chr1",1,0,1,0,1,1,1,1,1
"CASR__chr3",0,0,1,0,1,0,0,0,0
"CAV2__chr7",1,0,0,0,0,0,0,0,0
"CD200__chr3",0,1,1,0,1,1,0,1,1
"CD24__chrY",1,0,0,1,0,0,0,0,0
"CD44__chr11",1,0,0,1,0,0,0,0,0
"CDH11__chr16",0,0,0,0,0,0,1,0,0
"CDH1__chr16",1,0,1,1,1,1,0,1,1
"CELA2A__chr1",0,0,0,1,0,0,0,0,0
"CELF4__chr18",0,0,1,0,1,1,0,1,1
"CEL__chr9",0,0,0,1,0,0,0,0,0
"CFB__chr6",1,0,0,1,0,0,0,0,0
"CFTR__chr7",1,0,0,0,0,0,0,0,0
"CHGA__chr14",0,0,1,0,1,1,0,0,1
"CHGB__chr20",0,0,1,0,1,1,0,1,1
"CLDN10__chr13",1,0,0,0,0,0,0,0,0
"CLDN1__chr3",1,0,0,1,0,0,0,0,0
"CLDN4__chr7",1,0,0,1,0,0,0,0,0
"CLU__chr8",1,0,1,1,1,1,0,1,1
"CNIH2__chr11",0,0,1,0,1,1,0,1,1
"CNTN1__chr12",0,0,1,0,1,1,0,0,1
"COL15A1__chr9",0,1,0,0,0,0,1,0,0
"COL1A1__chr17",0,0,0,0,0,0,1,0,0
"COL1A2__chr7",0,0,0,0,0,0,1,0,0
"COL3A1__chr2",0,0,0,0,0,0,1,0,0
"COL4A1__chr13",0,1,0,0,0,0,1,0,0
"COL4A2__chr13",0,1,0,0,0,0,1,0,0
"COL5A1__chr9",0,0,0,0,0,0,1,0,0
"COL5A2__chr2",0,0,0,0,0,0,1,0,0
"COL5A3__chr19",0,0,0,0,0,0,1,0,0
"COL6A1__chr21",0,0,0,0,0,0,1,0,0
"COL6A2__chr21",0,0,0,0,0,0,1,0,0
"COL6A3__chr2",0,0,0,0,0,0,1,0,0
"CPA1__chr7",0,0,0,1,0,0,0,0,0
"CPA2__chr7",0,0,0,1,0,0,0,0,0
"CPB1__chr3",0,0,0,1,0,0,0,0,0
"CPE__chr4",0,0,1,0,1,1,0,1,1
"CRYBA2__chr2",0,0,0,0,0,0,0,0,1
"CSDA__chr12",1,1,0,1,0,0,1,0,0
"CTRB1__chr16",0,0,0,1,0,0,0,0,0
"CTRB2__chr16",0,0,0,1,0,0,0,0,0
"CTRC__chr1",0,0,0,1,0,0,0,0,0
"CXorf57__chrX",0,0,1,0,1,1,0,1,1
"DEFB1__chr8",1,0,0,0,0,0,0,1,0
"DPP6__chr7",0,0,1,0,1,1,0,0,1
"DUOX2__chr15",0,0,0,1,0,0,0,0,0
"DZIP3__chr3",0,0,1,0,1,1,0,0,1
"ELF3__chr1",1,0,0,1,0,0,0,0,0
"ENPP2__chr8",0,0,1,0,1,1,0,1,1
"EPCAM__chr2",1,0,1,1,1,1,0,1,1
"ERBB3__chr12",1,0,0,1,0,0,0,1,0
"ERO1LB__chr1",0,0,0,0,1,0,0,0,0
"FAM167A__chr8",0,0,1,0,1,1,0,1,1
"FAP__chr2",0,0,0,0,0,0,1,0,1
"FEV__chr2",0,0,0,0,0,1,0,0,1
"FFAR4__chr10",0,0,1,0,1,0,0,1,0
"FLRT2__chr14",1,0,0,1,0,0,0,0,0
"FN1__chr2",0,0,0,0,0,0,1,0,0
"FSTL5__chr4",0,0,0,0,0,0,0,0,1
"FTH1__chr11",1,0,0,1,1,0,1,0,0
"G6PC2__chr2",0,0,0,0,1,0,0,0,1
"GAD2__chr10",0,0,1,0,1,1,0,0,1
"GATM__chr15",0,0,0,1,0,0,0,0,0
"GCG__chr2",0,0,0,0,0,0,0,0,1
"GCH1__chr14",0,0,1,0,1,1,0,0,1
"GC__chr4",0,0,0,0,0,0,0,0,1
"GDF15__chr19",1,0,0,1,0,0,0,0,0
"GLS__chr2",0,0,0,0,0,0,0,0,1
"GNAO1__chr16",0,0,1,0,1,1,0,1,1
"GNAS__chr20",0,0,1,0,1,1,0,0,1
"GSTA1__chr6",0,0,0,1,0,0,0,0,0
"GSTA2__chr6",0,0,0,1,0,0,0,0,0
"HADH__chr4",0,0,1,0,1,0,0,0,0
"HEPACAM2__chr7",0,0,0,0,0,0,0,1,0
"IAPP__chr12",0,0,0,0,1,0,0,0,0
"IDS__chrX",0,0,1,0,1,1,0,1,1
"IFITM3__chr11",1,1,0,1,0,0,1,0,0
"IGFBP4__chr17",0,1,0,0,0,0,1,0,0
"IGFBP7__chr4",0,1,0,0,0,0,1,0,0
"IL32__chr16",0,0,0,1,0,0,0,0,0
"INA__chr10",0,0,1,0,1,1,0,1,1
"INSM1__chr20",0,0,1,0,1,1,0,1,1
"INS__chr11",0,0,0,0,1,0,0,0,0
"IQGAP2__chr5",1,0,0,1,0,0,0,0,0
"IRX2__chr5",0,0,0,0,0,0,0,0,1
"ISL1__chr5",0,0,1,0,1,1,0,1,1
"KCNH2__chr7",0,0,1,0,1,1,0,1,1
"KCNMA1__chr10",0,0,1,0,1,1,0,1,1
"KCNQ1__chr11",0,0,0,1,0,0,0,0,0
"KCTD12__chr13",0,0,0,0,0,0,0,1,1
"KIAA1324__chr1",0,0,1,1,1,1,0,1,1
"KIAA1522__chr1",1,0,0,1,0,0,0,0,0
"KIF1A__chr2",0,0,1,1,1,1,0,1,1
"KIF5C__chr2",0,0,1,0,1,1,0,1,1
"KLHL41__chr2",0,0,0,0,0,0,0,0,1
"KLK1__chr19",0,0,0,1,0,0,0,0,0
"KRT18__chr12",1,0,0,1,0,0,0,0,0
"KRT19__chr17",1,0,0,0,0,0,0,0,0
"KRT7__chr12",1,0,0,1,0,0,0,0,0
"KRT8__chr12",1,0,0,1,0,0,0,1,0
"LAD1__chr1",1,0,0,1,0,0,0,0,0
"LAMA4__chr6",0,1,0,0,0,0,1,0,0
"LCN2__chr9",1,0,0,1,0,0,0,0,0
"LDHA__chr11",1,1,1,1,0,0,1,1,1
"LDHB__chr12",0,1,0,1,0,0,1,0,0
"LGALS2__chr22",0,0,0,1,0,0,0,0,0
"LGALS3__chr14",1,0,0,1,0,0,1,0,0
"LOC100216479__chr2",0,0,0,0,0,0,0,0,1
"LOC728392__chr17",0,0,1,0,1,1,0,1,1
"LOXL4__chr10",0,0,0,0,0,0,0,0,1
"LTBP2__chr14",0,0,0,0,0,0,1,0,0
"LUM__chr12",0,0,0,0,0,0,1,0,0
"LYZ__chr12",0,0,0,1,0,0,0,0,0
"MAFA__chr8",0,0,0,0,1,0,0,0,0
"MAFB__chr20",0,0,0,0,1,0,0,0,1
"MAP1B__chr5",0,1,1,0,1,1,1,1,1
"MET__chr7",1,0,0,1,0,0,0,0,0
"MGST1__chr12",0,0,0,1,0,0,0,0,0
"MIR7.3HG__chr19",0,0,1,0,1,1,0,0,1
"MUC1__chr1",0,0,0,1,0,0,0,0,0
"MYH9__chr22",1,1,0,1,0,0,1,0,0
"MYL12A__chr18",1,1,0,1,0,0,1,0,0
"NEUROD1__chr2",0,0,1,0,1,1,0,1,1
"NFIB__chr9",1,1,0,1,0,0,0,0,0
"NPTX2__chr7",0,0,0,0,1,0,0,0,0
"OLFM4__chr13",0,0,0,1,0,0,0,0,0
"PAK3__chrX",0,0,1,0,1,1,0,1,1
"PAM__chr5",0,0,1,0,1,1,0,1,1
"PARM1__chr4",0,0,1,1,1,1,0,1,1
"PAX6__chr11",0,0,1,0,1,1,0,0,1
"PCLO__chr7",0,0,1,0,1,1,0,1,1
"PCSK1N__chrX",0,0,1,0,1,1,0,1,1
"PCSK1__chr5",0,0,1,0,1,1,0,1,0
"PCSK2__chr20",0,0,0,0,0,0,0,0,1
"PDE3B__chr11",0,0,0,0,0,0,0,0,1
"PDGFRB__chr5",0,0,0,0,0,0,1,0,0
"PDX1__chr13",0,0,1,0,1,0,0,0,0
"PDZK1IP1__chr1",1,0,0,1,0,0,0,0,0
"PFKFB2__chr1",0,0,0,0,1,0,0,0,0
"PGR__chr11",0,0,0,0,0,1,0,0,1
"PLA2G1B__chr12",0,0,0,1,0,0,0,0,0
"PLCE1__chr10",0,0,0,0,0,0,0,0,1
"PLCXD3__chr5",0,0,1,0,1,1,0,0,1
"PMEPA1__chr20",1,1,0,0,0,0,1,0,0
"PNLIPRP2__chr10",0,0,0,1,0,0,0,0,0
"PNLIP__chr10",0,0,0,1,0,0,0,0,0
"PNMA2__chr8",0,0,1,0,1,1,0,1,1
"PPP1R1A__chr12",0,0,1,0,1,0,0,0,1
"PPY__chr17",0,0,0,0,0,1,0,0,0
"PRSS1__chr7",0,0,0,1,0,0,0,0,0
"PRSS3P2__chr7",0,0,0,1,0,0,0,0,0
"PRSS3__chr9",0,0,0,1,0,0,0,0,0
"PTPRN2__chr7",0,0,1,0,1,1,0,1,1
"PTPRN__chr2",0,0,1,0,1,1,0,1,1
"PTPRT__chr20",0,0,0,0,0,0,0,1,1
"PXDN__chr2",0,1,0,0,0,0,1,0,0
"QPCT__chr2",0,0,1,0,1,1,0,1,1
"RAP1GAP2__chr17",0,0,1,0,1,1,0,1,1
"RASEF__chr9",1,0,0,1,0,0,0,0,0
"RBP4__chr10",0,0,1,0,0,0,0,0,0
"REG1A__chr2",0,0,0,1,0,0,0,0,0
"REG1B__chr2",0,0,0,1,0,0,0,0,0
"REG3A__chr2",0,0,0,1,0,0,0,0,0
"REST__chr4",1,1,0,1,0,0,1,0,0
"RGS4__chr1",0,0,0,0,0,0,0,0,1
"RIMBP2__chr12",0,0,1,0,1,1,0,1,1
"RIMS2__chr8",0,0,1,0,1,1,0,1,1
"ROBO2__chr3",0,0,0,0,1,0,0,0,0
"RPL10__chrX",0,0,0,1,0,0,1,0,0
"RTN1__chr14",0,0,1,0,1,1,0,1,1
"RUNDC3A__chr17",0,0,1,0,1,1,0,1,1
"S100A11__chr1",1,1,0,1,0,0,1,0,0
"SAT1__chrX",1,0,0,1,0,0,0,0,0
"SCD5__chr4",1,0,1,0,1,0,0,0,0
"SCD__chr10",0,0,0,0,1,0,0,0,0
"SCG2__chr2",0,0,1,0,1,1,0,1,1
"SCG3__chr15",0,0,1,0,1,1,0,1,1
"SCG5__chr15",0,0,1,0,1,1,1,1,1
"SCGN__chr6",0,0,1,0,1,1,0,1,1
"SDC4__chr20",1,0,0,1,0,0,0,0,0
"SEC11C__chr18",0,0,1,0,0,0,0,0,0
"SEL1L3__chr4",1,0,0,1,0,0,0,0,0
"SERPINA3__chr14",1,0,0,1,0,0,0,0,0
"SERPINE1__chr7",0,1,0,0,0,0,1,0,0
"SERPINE2__chr2",0,0,0,0,0,0,0,1,0
"SERPING1__chr11",1,0,0,0,0,0,0,0,0
"SERPINH1__chr11",0,1,0,0,0,0,1,0,0
"SEZ6L__chr22",0,0,0,0,0,0,0,1,0
"SFRP2__chr4",0,0,0,0,0,0,1,0,0
"SLC29A4__chr7",0,0,1,0,1,1,0,1,1
"SLC30A8__chr8",0,0,1,0,1,1,0,0,1
"SLC38A1__chr12",1,0,1,1,0,0,1,0,0
"SLC38A4__chr12",0,0,0,0,0,0,0,0,1
"SLC4A4__chr4",1,0,0,0,0,0,0,0,0
"SLC7A2__chr8",0,0,0,0,0,0,0,0,1
"SNAP25__chr20",0,0,1,0,1,1,0,1,1
"SOD2__chr6",1,0,0,1,0,0,0,0,0
"SORL1__chr11",0,0,1,0,1,1,0,0,0
"SOX4__chr6",1,1,0,1,0,0,1,0,0
"SPARC__chr5",0,1,0,0,0,0,1,0,0
"SPINK1__chr5",0,0,0,1,0,0,0,1,0
"SPINT2__chr19",1,0,1,1,1,1,0,1,1
"SPP1__chr4",1,0,0,0,0,0,0,0,0
"SPTSSB__chr3",0,0,0,0,0,0,0,1,0
"SST__chr3",0,0,1,0,0,0,0,0,0
"ST18__chr8",0,0,1,0,1,1,0,1,1
"ST8SIA3__chr18",0,0,1,0,1,1,0,1,1
"STMN2__chr8",0,0,1,0,1,1,0,1,1
"STX1A__chr7",0,0,1,0,1,1,0,1,1
"SYNE2__chr14",1,1,1,1,1,1,0,0,0
"SYP__chrX",0,0,1,0,1,1,0,1,1
"SYT13__chr11",0,0,1,0,1,0,0,0,0
"SYT4__chr18",0,0,1,0,1,1,0,1,1
"SYT7__chr11",0,0,1,0,1,1,0,1,1
"TACSTD2__chr1",1,0,0,1,0,0,0,0,0
"TC2N__chr14",0,0,0,1,0,0,0,0,0
"TCEAL2__chrX",0,0,1,0,1,1,0,1,1
"TGFBR3__chr1",0,0,0,0,1,0,0,0,0
"THBS2__chr6",0,0,0,0,0,0,1,0,0
"TM4SF1__chr3",1,1,0,1,0,0,0,0,0
"TM4SF4__chr3",0,0,0,0,0,1,0,1,1
"TMC5__chr16",1,0,0,1,0,0,0,0,0
"TMEM176A__chr7",0,0,1,0,0,1,0,1,1
"TMEM176B__chr7",0,0,1,0,0,1,0,1,1
"TMEM236__chr10",0,0,0,0,0,0,0,0,1
"TMSB4X__chrX",1,1,0,1,0,0,1,0,0
"TPD52__chr8",1,0,1,1,1,1,0,1,1
"TPM1__chr15",1,0,0,1,0,0,1,0,0
"TTR__chr18",0,0,0,0,0,0,0,0,1
"UCHL1__chr4",0,0,1,0,1,1,1,1,0
"UNC5B__chr10",0,1,1,0,0,0,1,1,0
"VGF__chr7",0,0,0,0,0,0,0,0,1
"ZFP36L1__chr14",1,0,0,1,0,0,1,0,0
"PNLIPRP1__chr10",0,0,0,1,0,0,0,0,0
"MXRA5__chrX",0,0,0,1,0,0,0,0,0
"NOTCH2__chr1",1,0,0,0,0,0,1,0,0
"C3__chr19",1,0,0,1,0,0,0,0,0
"COL18A1__chr21",0,0,0,0,0,0,1,0,0
"TSPAN8__chr12",1,0,0,0,0,0,0,0,0
"PCP4__chr21",0,0,1,0,0,0,0,0,0
"AQP1__chr7",1,0,0,0,0,0,0,0,0
"VCAN__chr5",0,0,0,0,0,0,1,0,0
"OCLN__chr5",1,0,0,1,0,0,0,1,0
"NID1__chr1",0,0,0,0,0,0,1,0,0
"TMSB10__chr2",1,1,0,1,0,0,1,0,0
"CD99L2__chrX",0,0,0,0,0,0,0,0,1
"CD9__chr12",1,1,1,1,0,0,1,1,0
"CLMN__chr14",1,0,0,1,0,0,0,0,0
"MRC2__chr17",0,0,0,0,0,0,1,0,0
"TIMP1__chrX",0,0,0,0,0,0,1,0,0
"LIMCH1__chr4",1,1,1,0,1,1,0,1,1
"FOXA2__chr20",1,0,1,1,1,1,0,1,1
"RBPMS__chr8",1,1,0,1,0,0,1,0,0
"NOTCH3__chr19",0,0,0,0,0,0,1,0,0
"RAB11FIP1__chr8",1,0,1,1,1,1,0,1,1
"KDR__chr4",0,1,0,0,0,0,0,0,0
"CELA3A__chr1",0,0,0,1,0,0,0,0,0
"CXCL2__chr4",1,0,0,1,0,0,0,0,0
"DAB2__chr5",1,1,0,0,0,0,1,0,0
"SERPINA5__chr14",1,0,0,0,0,0,0,0,0
"LOXL2__chr8",0,0,0,0,0,0,1,0,0
"MTUS1__chr8",0,0,0,1,0,0,0,0,0
"PTPRF__chr1",1,0,1,1,1,1,0,1,1
"MUC13__chr3",0,0,0,0,0,0,0,0,1
"HTRA1__chr10",0,1,0,0,0,0,1,0,0
"NDUFA4__chr7",1,1,0,1,0,0,1,0,0
"TNS1__chr2",0,0,0,0,0,0,1,0,0
"SGK1__chr6",0,1,0,1,0,0,0,0,0
"ONECUT2__chr18",1,0,0,0,0,0,0,0,0
"CYGB__chr17",0,0,0,0,0,0,1,0,0
"FSTL1__chr3",0,0,0,0,0,0,1,0,0
"CREB3L1__chr11",0,0,0,1,0,0,1,0,0
"SNAI2__chr8",0,0,0,0,0,0,1,0,0
"ADAM9__chr8",1,0,0,1,0,0,0,0,0
"VTCN1__chr1",1,0,0,0,0,0,0,0,0
"WWTR1__chr3",1,1,0,0,0,0,1,0,0
"LGALS1__chr22",0,0,0,0,0,0,1,0,0
"PEG10__chr7",0,0,1,0,1,1,0,1,1
"AKR1C1__chr10",0,0,0,1,0,0,0,0,0
"CLDN7__chr17",1,0,0,1,0,0,0,0,0
"FGF14__chr13",0,0,0,0,0,0,0,1,0
"LEPR__chr1",0,0,1,0,0,0,0,0,0
"EMP1__chr12",0,1,0,0,0,0,1,0,0
"IFITM2__chr11",1,1,0,1,0,0,1,0,0
"FAM129A__chr1",0,0,0,1,0,0,0,0,0
"SLC16A7__chr12",1,0,0,1,0,0,0,0,0
"ITGA11__chr15",0,0,0,0,0,0,1,0,0
"MYOF__chr10",1,0,0,0,0,0,1,0,0
"CTSH__chr15",1,0,0,0,0,0,0,0,0
"PRRX1__chr1",0,0,0,0,0,0,1,0,0
"RBM47__chr4",1,0,1,1,1,1,0,1,1
"MECOM__chr3",0,1,0,1,0,0,0,0,0
"IGFBP2__chr2",0,0,0,1,0,0,0,0,0
"DHRS2__chr14",0,0,1,0,1,0,0,0,0
"MSN__chrX",0,1,0,0,0,0,1,0,0
"LAMC1__chr1",0,0,0,0,0,0,1,0,0
"CLIC4__chr1",0,1,0,0,0,0,1,0,0
"GPX2__chr14",0,0,0,1,0,0,0,0,0
"DPYSL2__chr8",1,1,1,0,1,1,1,1,1
"FBN1__chr15",0,0,0,0,0,0,1,0,0
"VIM__chr10",0,1,0,0,0,0,1,0,0
"PHLDA1__chr12",0,0,0,0,0,0,1,0,0
"SOX9__chr17",1,0,0,1,0,0,0,1,0
"COL12A1__chr6",0,0,0,0,0,0,1,0,0
"MICAL2__chr11",0,0,0,0,0,0,1,0,0
"CYB5A__chr18",0,0,0,1,0,0,0,0,0
"MMP7__chr11",1,0,0,0,0,0,0,0,0
"ATP1B1__chr1",1,0,1,1,1,1,0,1,1
"GJB1__chrX",0,0,0,1,0,0,0,0,0
"GNG11__chr7",0,1,0,0,0,0,1,0,0
"ITGA5__chr12",0,1,0,0,0,0,1,0,0
"CD93__chr20",0,1,0,0,0,0,0,0,0
"TNFAIP6__chr2",0,0,0,0,0,0,1,0,0
"RHOC__chr1",1,1,0,1,0,0,1,1,0
"RSU1__chr10",1,1,0,1,0,0,1,0,0
"NRP1__chr10",0,1,0,0,0,0,1,0,0
"NFKBIZ__chr3",1,0,0,1,0,0,0,0,0
"LINC00263__chr10",0,0,0,0,1,0,0,0,0
"WNT5A__chr3",0,0,0,0,0,0,1,0,0
"TPM4__chr19",0,0,0,0,0,0,1,0,0
"TMEM97__chr17",0,0,0,1,0,0,0,0,0
"EDNRA__chr4",0,0,0,0,0,0,1,0,0
"PRG4__chr1",0,0,1,0,0,0,0,0,0
"RNASE1__chr14",0,0,0,1,0,0,0,0,0
"NPNT__chr4",1,0,0,0,0,1,0,0,1
"ALDH3A2__chr17",1,0,0,1,0,0,0,0,0
"UGT2B15__chr4",0,0,0,1,0,0,0,0,0
"ENAH__chr1",1,0,0,1,0,0,1,0,0
"APOH__chr17",0,0,0,0,0,0,0,1,0
"PRSS23__chr11",0,1,0,0,0,0,0,0,0
"LDB2__chr4",0,1,0,0,0,0,0,0,0
"CBS__chr21",0,0,0,1,0,0,1,0,0
"VAMP2__chr17",0,0,1,0,1,1,0,1,1
"ETV1__chr7",0,0,0,0,0,1,0,0,0
"TINAGL1__chr1",1,0,0,0,0,0,0,0,0
"GULP1__chr2",1,0,0,1,0,0,0,0,0
"PLVAP__chr19",0,1,0,0,0,0,0,0,0
"DCN__chr12",0,0,0,0,0,0,1,0,0
"NAV1__chr1",0,1,1,0,1,1,1,0,1
"CXCL17__chr19",0,0,0,1,0,0,0,0,0
"LTBP1__chr2",0,0,0,0,0,0,1,0,0
"ARRDC4__chr15",0,0,0,0,0,0,0,0,1
"CYYR1__chr21",0,1,0,0,0,0,0,0,0
"MEG3__chr14",0,0,0,0,1,0,0,0,0
"DNAJC12__chr10",0,0,1,1,1,1,0,1,1
"F11R__chr1",1,1,1,1,1,1,0,1,1
"LAMB1__chr7",0,1,0,0,0,0,1,0,0
"MUC20__chr3",1,0,0,0,0,0,0,0,0
"VSTM2L__chr20",0,0,0,0,0,0,0,1,0
"MAPT__chr17",0,0,0,0,1,0,0,0,0
"HEYL__chr1",0,0,0,0,0,0,1,0,0
"TNFSF10__chr3",1,0,0,1,0,0,0,0,0
"C8orf4__chr8",1,1,0,1,0,0,0,0,0
"IMPA2__chr18",0,0,0,1,0,0,0,0,0
"SOX18__chr20",0,1,0,0,0,0,0,0,0
"PROM1__chr4",1,0,0,0,0,0,0,0,0
"LGALS4__chr19",1,0,0,0,0,0,0,0,0
"NUPR1__chr16",0,0,0,1,0,0,1,0,0
"CRLF1__chr19",0,0,0,0,0,0,1,0,0
"ERP27__chr12",0,0,0,1,0,0,0,0,0
"CD74__chr5",1,0,0,1,0,0,0,1,0
"CA12__chr15",0,0,0,1,0,0,0,0,0
"FLT1__chr13",0,1,0,0,0,0,0,0,0
"CTRL__chr16",0,0,0,1,0,0,0,0,0
"EDN1__chr6",1,0,0,1,0,0,0,0,0
"FAM134B__chr5",0,0,0,1,0,0,0,0,0
"SCNN1A__chr12",1,0,0,0,0,0,0,0,0
"LAMA2__chr6",0,0,0,0,0,0,1,0,0
"UBD__chr6",0,0,0,1,0,0,0,0,0
"RRAGD__chr6",0,0,0,0,1,0,0,0,0
"UGDH__chr4",0,0,0,1,0,0,0,0,0
"ALCAM__chr3",1,0,1,1,1,1,0,1,1
"BIRC3__chr11",1,0,0,1,0,0,0,0,0
"CTHRC1__chr8",0,0,0,0,0,0,1,0,0
"SLC38A2__chr12",1,1,0,1,0,0,1,0,0
"SLC1A5__chr19",0,0,0,0,0,0,1,0,0
"LHFP__chr13",0,0,0,0,0,0,1,0,0
"C6orf222__chr6",0,0,0,1,0,0,0,0,0
"BCHE__chr3",0,0,1,0,0,0,0,0,0
"ITGA1__chr5",0,1,0,0,0,0,1,0,0
"DSP__chr6",1,0,1,1,1,1,0,1,1
"TSPAN13__chr7",1,1,1,1,1,1,0,1,1
"FAM3B__chr21",0,0,0,1,0,0,0,0,0
"ADH1C__chr4",0,0,0,1,0,0,0,0,0
"TFPI2__chr7",1,0,0,0,0,0,0,0,0
"FMOD__chr1",0,0,0,0,0,0,1,0,0
"PTP4A2__chr1",1,0,0,1,0,0,1,0,0
"DUSP4__chr8",0,0,0,1,0,0,0,0,0
"GOLM1__chr9",1,0,0,1,0,0,0,0,0
"SPOCK1__chr5",0,0,0,0,0,0,1,0,0
"SERTM1__chr13",0,0,0,0,0,1,0,0,0
"DLK1__chr14",0,0,0,0,1,0,0,0,0
"ATP1A1__chr1",1,0,0,1,0,0,0,0,0
"LAMC3__chr9",0,0,0,0,0,0,1,0,0
"PODXL__chr7",0,1,0,0,0,0,0,0,0
"INHBA__chr7",0,0,0,0,0,0,1,0,0
"CCDC80__chr3",0,0,0,0,0,0,1,0,0
"SNAI1__chr20",0,1,0,0,0,0,1,0,0
"FLNA__chrX",0,0,0,0,0,0,1,0,0
"HTRA3__chr4",0,0,0,0,0,0,1,0,0
"THY1__chr11",0,0,0,0,0,0,1,0,0
"SEMA6A__chr5",1,0,0,0,0,0,0,0,0
"DCDC2__chr6",1,0,0,0,0,0,0,0,0
"GPX8__chr5",0,0,0,0,0,0,1,0,0
"AKR1B10__chr7",0,0,0,1,0,0,0,0,0
"DDR1__chr6",1,0,1,1,1,1,0,1,1
"CELA2B__chr1",0,0,0,1,0,0,0,0,0
"VEGFA__chr6",0,0,0,0,1,0,0,0,0
"CAMK2G__chr10",0,0,0,0,0,0,0,0,1
"ESAM__chr11",0,1,0,0,0,0,0,0,0
"GATA4__chr8",0,0,0,1,0,0,0,0,0
"PDK4__chr7",0,0,0,0,0,1,0,0,1
"ZNF395__chr8",1,0,1,1,1,1,0,1,1
"FILIP1L__chr3",1,0,0,0,0,0,0,0,0
"APCDD1__chr18",1,0,0,0,0,0,0,0,0
"ELTD1__chr1",0,1,0,0,0,0,0,0,0
"CD36__chr7",0,1,0,0,0,0,0,0,0
"CTSD__chr11",1,0,0,1,0,0,0,0,0
"HSD17B2__chr16",1,0,0,0,0,0,0,0,0
"LLGL2__chr17",1,0,1,1,1,1,0,1,1
"EXOC3L2__chr19",0,1,0,0,0,0,0,0,0
"TIMP3__chr22",0,0,0,0,0,0,1,0,0
"KIAA1598__chr10",1,0,1,1,1,1,0,1,1
"AEBP1__chr7",0,0,0,0,0,0,1,0,0
"GFPT2__chr5",0,0,0,0,0,0,1,0,0
"CELA3B__chr1",0,0,0,1,0,0,0,0,0
"JUP__chr17",1,1,0,1,0,0,0,1,0
"GHRL__chr3",0,0,0,0,0,0,0,1,0
"ADAMTS2__chr5",0,0,0,0,0,0,1,0,0
"TPST2__chr22",0,0,0,1,0,0,0,0,0
"PCBD1__chr10",1,0,1,1,1,1,0,1,1
"PHGDH__chr1",0,0,0,0,0,0,1,0,0
"S100A14__chr1",1,0,0,0,0,0,0,0,0
"REG3G__chr2",0,0,0,1,0,0,0,0,0
"PTRF__chr17",0,1,0,0,0,0,1,0,0
"LAMC2__chr1",1,0,0,0,0,0,0,0,0
"CDKN1C__chr11",0,0,0,0,1,0,0,0,0
"CALCRL__chr2",0,1,0,0,0,0,0,0,0
"FLJ44635__chrX",0,0,0,1,0,0,1,0,0
"DKK3__chr11",0,0,0,0,0,0,1,0,0
"KRT80__chr12",1,0,0,0,0,0,0,0,0
"VWA5A__chr11",1,0,1,1,1,1,0,1,1
"CTSC__chr11",0,0,0,0,0,0,1,0,0
"RASA4__chr7",0,1,0,0,0,0,0,0,0
"SRPX2__chrX",0,0,0,0,0,0,1,0,0
"EEF1B2__chr2",0,0,0,1,0,0,1,0,0
"FSCN1__chr7",0,1,0,0,0,0,1,0,0
"XBP1__chr22",0,0,0,1,0,0,0,0,0
"AKAP12__chr6",0,0,1,0,0,1,1,0,0
"CEBPB__chr20",0,0,0,0,0,0,1,0,0
"FAM107B__chr10",0,0,0,1,0,0,0,0,0
"RPL13A__chr19",0,0,0,1,0,0,1,0,0
"C4orf19__chr4",0,0,0,1,0,0,0,0,0
"C1S__chr12",0,0,0,0,0,0,1,0,0
"SPON2__chr4",0,0,0,0,0,0,1,1,0
"NID2__chr14",0,0,0,0,0,0,1,0,0
"PACSIN2__chr22",1,0,0,1,0,0,0,0,0
"KRT23__chr17",1,0,0,0,0,0,0,0,0
"CEACAM7__chr19",1,0,0,0,0,0,0,0,0
"BMP8A__chr1",0,0,0,0,0,0,1,0,0
"UACA__chr15",0,0,0,0,0,0,1,0,0
"IRF6__chr1",1,0,1,1,1,1,0,1,1
"PLAT__chr8",0,0,0,0,0,0,1,0,0
"TBX2__chr17",0,0,0,0,0,0,1,0,0
"FOXF2__chr6",0,0,0,0,0,0,1,0,0
"CAV1__chr7",0,0,0,0,0,0,1,0,0
"LOX__chr5",0,0,0,0,0,0,1,0,0
"MYCT1__chr6",0,1,0,0,0,0,0,0,0
"EMCN__chr4",0,1,0,0,0,0,0,0,0
"ZNF469__chr16",0,0,0,0,0,0,1,0,0
"LAPTM4B__chr8",1,1,0,1,1,1,1,0,1
"TBX3__chr12",0,0,0,0,0,0,1,0,0
"TIE1__chr1",0,1,0,0,0,0,0,0,0
"PPP1R18__chr6",0,1,0,0,0,0,1,0,0
"ITPRIPL2__chr16",0,1,0,0,0,0,1,0,0
"TUBB6__chr18",0,1,0,0,0,0,1,0,0
"NAMPT__chr7",1,0,0,1,0,0,0,0,0
"FGL1__chr8",0,0,0,1,0,0,0,0,0
"HSD11B1__chr1",0,0,0,0,0,0,1,0,0
"GABRG2__chr5",0,0,1,0,0,0,0,0,0
"FRZB__chr2",0,0,0,0,0,0,0,1,0
"PSAT1__chr9",0,0,0,1,0,0,1,0,0
"LINC00261__chr20",0,0,0,0,0,0,0,1,0
"ANTXR1__chr2",0,0,0,0,0,0,1,0,0
"NKX2.3__chr10",0,1,0,0,0,0,0,0,0
"AQP3__chr9",0,0,1,0,0,1,0,0,0
"CEBPD__chr8",0,0,0,1,0,0,0,0,0
"RPS8__chr1",1,1,1,1,1,1,1,0,1
"ROBO4__chr11",0,1,0,0,0,0,0,0,0
"CERCAM__chr9",0,0,0,0,0,0,1,0,0
"MS4A8B__chr11",0,0,0,0,0,0,0,1,0
"TENM3__chr4",0,0,1,0,0,0,0,0,0
"GPR4__chr19",0,1,0,0,0,0,0,0,0
"PDGFRA__chr4",0,0,0,0,0,0,1,0,0
"CLEC14A__chr14",0,1,0,0,0,0,0,0,0
"BASP1__chr5",0,0,0,0,0,0,1,0,0
"RHOQ__chr2",0,0,0,0,0,0,1,0,0
"PROX1__chr1",0,0,0,0,0,0,0,1,0
"LIMS1__chr2",0,0,0,0,0,0,1,0,0
"C11orf96__chr11",0,0,0,0,0,0,1,0,0
"COL13A1__chr10",0,1,0,0,0,0,0,0,0
"ECSCR__chr5",0,1,0,0,0,0,0,0,0
"SERPINB1__chr6",0,0,0,1,0,0,0,0,0
"JAK1__chr1",0,1,0,0,0,0,1,0,0
"CRTAP__chr3",0,0,0,0,0,0,1,0,0
"LRRC32__chr11",0,1,0,0,0,0,1,0,0
"NQO1__chr16",0,1,0,0,0,0,1,0,0
"PTPRB__chr12",0,1,0,0,0,0,0,0,0
"TPPP3__chr16",0,0,1,0,0,0,0,0,0
"CALU__chr7",0,0,0,0,0,0,1,0,0
"SCRN1__chr7",1,0,1,1,1,1,0,1,1
"SERPINI2__chr3",0,0,0,1,0,0,0,0,0
"SLC7A11__chr4",0,1,0,1,0,0,1,0,0
"SPON1__chr11",0,0,0,0,0,0,1,0,0
"AKAP7__chr6",1,0,0,0,0,0,0,0,0
"CDH5__chr16",0,1,0,0,0,0,0,0,0
"MAP7__chr6",1,0,1,1,1,1,0,1,1
"RBMS1__chr2",0,1,0,0,0,0,1,0,0
"SLC12A7__chr5",0,1,0,0,0,0,0,0,0
"AKR1C2__chr10",0,0,0,1,0,0,0,0,0
"TSTD1__chr1",1,0,1,1,1,1,0,1,1
"CRISPLD2__chr16",0,0,0,0,0,0,1,0,0
"RPLP0__chr12",1,1,1,1,1,1,1,0,1
"ERG__chr21",0,1,0,0,0,0,0,0,0
"TPM2__chr9",0,0,0,0,0,0,1,0,0
"S1PR3__chr9",0,0,0,0,0,0,1,0,0
"TEK__chr9",0,1,0,0,0,0,0,0,0
"ISLR__chr15",0,0,0,0,0,0,1,0,0
"SLC25A37__chr8",0,0,0,1,0,0,0,0,0
"ADAM19__chr5",0,0,0,0,0,0,1,0,0
"RUNX1__chr21",0,0,0,0,0,0,1,0,0
"ACVRL1__chr12",0,1,0,0,0,0,0,0,0
"FKBP9L__chr7",0,0,0,1,0,0,0,0,0
"RAMP2__chr17",0,1,0,0,0,0,0,0,0
"TRNP1__chr1",0,0,0,0,0,0,0,1,0
"GLI2__chr2",0,0,0,0,0,0,1,0,0
"PREX1__chr20",0,1,0,0,0,0,0,0,0
"FKBP10__chr17",0,0,0,0,0,0,1,0,0
"PECAM1__chr17",0,1,0,0,0,0,0,0,0
"CMTM8__chr3",0,0,0,0,0,0,0,1,0
"SERPINA10__chr14",0,0,0,0,0,0,0,1,0
"PDE2A__chr11",0,1,0,0,0,0,0,0,0
"ZEB1__chr10",0,1,0,0,0,0,1,0,0
"TMEM51__chr1",1,0,0,1,0,0,0,1,0
"RPL27__chr17",0,0,0,1,0,0,1,0,0
"KITLG__chr12",0,0,0,0,0,0,1,0,0
"GPR56__chr16",1,1,1,1,1,1,0,1,1
"BAZ1A__chr14",1,1,0,1,0,0,1,0,0
"CLPS__chr6",0,0,0,1,0,0,0,0,0
"TCF4__chr18",0,1,0,0,0,0,0,0,0
"HEG1__chr3",0,1,0,0,0,0,1,0,0
"DIRAS3__chr1",0,0,0,0,0,0,0,1,0
"MMRN2__chr10",0,1,0,0,0,0,0,0,0
"ID2__chr2",1,1,0,0,0,1,0,0,0
"WISP1__chr8",0,0,0,0,0,0,1,0,0
"APLNR__chr11",0,1,0,0,0,0,0,0,0
"DST__chr6",1,0,1,1,1,1,1,1,1
"GALNT7__chr4",0,0,0,1,0,0,0,0,0
"IGFBP5__chr2",0,0,0,0,0,0,1,0,0
"PCDH12__chr5",0,1,0,0,0,0,0,0,0
"FTL__chr19",1,1,1,1,1,1,1,0,1
"TMEM204__chr16",0,1,0,0,0,0,0,0,0
"THBS1__chr15",0,1,0,0,0,0,0,0,0
"IER3__chr6",1,0,0,0,0,0,1,0,0
"CRP__chr1",1,0,0,0,0,0,0,0,0
"ESM1__chr5",0,1,0,0,0,0,0,0,0
"BCL6B__chr17",0,1,0,0,0,0,0,0,0
"SERPINA1__chr14",0,0,0,0,0,0,0,1,0
"GP2__chr16",0,0,0,1,0,0,0,0,0
"ITGAV__chr2",1,1,0,1,0,0,1,0,0
"GPR116__chr6",0,1,0,0,0,0,0,0,0
"MFGE8__chr15",0,0,0,0,0,0,1,0,0
"FHL2__chr2",0,0,0,0,0,0,1,0,0
"GRB10__chr7",0,1,0,0,0,0,0,0,0
"PHGR1__chr15",0,0,0,0,0,0,0,1,0
"SLC12A5__chr20",0,0,0,0,0,0,0,1,0
"NREP__chr5",0,0,0,0,0,0,1,0,0
"SEMA3G__chr3",0,1,0,0,0,0,0,0,0
"SSFA2__chr2",0,0,0,1,0,0,0,0,0
"FCN3__chr1",0,1,0,0,0,0,0,0,0
"PPP1R9A__chr7",1,0,1,1,1,1,0,1,1
"RHOJ__chr14",0,1,0,0,0,0,0,0,0
"DACT1__chr14",0,0,0,0,0,0,1,0,0
"JPH3__chr16",0,0,0,0,0,0,0,1,0
"FRMD6__chr14",0,0,0,0,0,0,1,0,0
"RASGRF2__chr5",0,1,0,0,0,0,0,0,0
"ACTN1__chr14",0,0,0,0,0,0,1,0,0
"NOVA2__chr19",0,1,0,0,0,0,0,0,0
"PDLIM3__chr4",1,0,0,0,0,0,0,0,0
"BHMT__chr5",0,0,0,0,0,0,0,1,0
"FBP1__chr9",0,0,0,1,0,0,0,0,0
"VWF__chr12",0,1,0,0,0,0,0,0,0
"RPS7__chr2",1,1,1,1,1,1,1,0,1
"S1PR1__chr1",0,1,0,0,0,0,0,0,0
"TGFB1I1__chr16",0,0,0,0,0,0,1,0,0
"PLAC8__chr4",0,0,0,0,0,0,0,1,0
"MYLK__chr3",0,1,0,0,0,0,1,0,0
"RPS19__chr19",1,1,1,1,1,1,1,0,1
"GREM1__chr15",0,0,0,0,0,0,1,0,0
"RGCC__chr13",0,1,0,0,0,0,0,0,0
"FAM102A__chr9",1,0,1,1,1,1,0,1,1
"FLJ42709__chr5",0,0,0,0,0,0,1,0,0
"TNFAIP2__chr14",1,1,0,0,0,0,0,0,0
"ADAMTS12__chr5",0,0,0,0,0,0,1,0,0
"CCDC102B__chr18",0,0,0,0,0,0,1,0,0
"CHP1__chr15",1,1,1,1,1,1,1,0,1
"F2RL3__chr19",0,1,0,0,0,0,0,0,0
"FLT4__chr5",0,1,0,0,0,0,0,0,0
"SSTR5.AS1__chr16",0,0,0,0,0,0,0,1,0
"GIMAP8__chr7",0,1,0,0,0,0,0,0,0
"MCF2L__chr13",0,1,0,0,0,0,0,0,0
"HECW2__chr2",0,1,0,0,0,0,0,0,0
"KANK2__chr19",0,0,0,0,0,0,1,0,0
"RPS27A__chr2",1,1,1,1,1,1,1,0,1
"NLRC3__chr16",0,1,0,0,0,0,0,0,0
"WDR1__chr4",1,1,1,1,1,1,1,0,1
"ASGR1__chr17",0,0,0,0,0,0,0,1,0
"GIMAP4__chr7",0,1,0,0,0,0,0,0,0
"P2RY6__chr11",0,1,0,0,0,0,0,0,0
"TM4SF18__chr3",0,1,0,0,0,0,0,0,0
"STOM__chr9",0,1,0,0,0,0,0,0,0
"SNX9__chr6",0,0,0,0,0,0,1,0,0
"TMEM30B__chr14",1,0,1,1,1,1,0,1,1
"ITPRIP__chr10",0,1,0,0,0,0,1,0,0
"ATP1B3__chr3",0,1,0,0,0,0,1,0,0
"ANO1__chr11",0,0,0,0,0,0,1,0,0
"GIMAP7__chr7",0,1,0,0,0,0,0,1,0
"NOTCH4__chr6",0,1,0,0,0,0,0,0,0
"SLC25A4__chr4",1,0,1,1,1,1,0,1,1
"THSD7A__chr7",0,0,0,0,0,1,0,0,0
"PEA15__chr1",0,1,0,0,0,0,1,0,0
"ZEB2__chr2",0,0,0,0,0,0,1,0,0
"WIPI1__chr17",0,0,0,0,0,0,1,0,0
"ITM2C__chr2",1,0,1,1,1,1,1,1,1
"LAMP5__chr20",0,0,0,0,0,0,1,0,0
"RAI14__chr5",0,1,0,0,0,0,1,0,0
"MSX1__chr4",0,1,0,0,0,0,1,0,0
"ACE__chr17",0,1,0,0,0,0,0,0,0
"DGAT2__chr11",0,0,0,0,0,0,0,1,0
"PPAP2B__chr1",0,1,0,0,0,0,0,0,0
"SUCNR1__chr3",0,0,0,0,0,0,0,1,0
"RAB34__chr17",0,0,0,0,0,0,1,0,0
"RAB31__chr18",0,1,0,0,0,0,1,0,0
"ALDH1L2__chr12",0,0,0,0,0,0,1,0,0
"F2R__chr5",0,1,0,0,0,0,1,0,0
"ADAMTS9__chr3",0,1,0,0,0,0,0,0,0
"CREB5__chr7",1,0,0,0,0,0,0,0,0
"AMY2A__chr1",0,0,0,1,0,0,0,0,0
"SHANK3__chr22",0,1,0,0,0,0,0,0,0
"KLF9__chr9",0,0,0,0,0,0,1,0,0
"PLIN2__chr9",0,0,0,0,0,0,1,0,0
"LMO2__chr11",0,1,0,0,0,0,0,0,0
"AFF3__chr2",0,0,0,0,0,0,0,1,0
"RAPH1__chr2",0,0,0,0,1,0,0,0,0
"CHSY1__chr15",0,1,0,0,0,0,1,0,0
"ACTA2__chr10",0,0,0,0,0,0,1,0,0
"SHE__chr1",0,1,0,0,0,0,0,0,0
"TMED6__chr16",0,0,0,0,0,0,0,1,0
"AMIGO2__chr12",0,0,1,0,0,0,0,0,0
"RPL36A.HNRNPH2__chrX",1,1,1,1,1,1,1,0,1
"MGST2__chr4",1,1,1,1,1,1,0,1,1
"SULF2__chr20",0,1,0,0,0,0,1,0,0
"CST6__chr11",0,0,0,0,0,0,0,1,0
"TSHZ3__chr19",0,0,0,0,0,0,0,1,0
"SH2D3C__chr9",0,1,0,0,0,0,0,0,0
"NR3C1__chr5",1,1,1,1,1,1,1,0,1
"PLAUR__chr19",0,0,0,0,0,0,1,0,0
"SEMA3F__chr3",0,1,0,0,0,0,0,0,0
"F3__chr1",0,0,0,1,0,0,0,0,0
"UGT2B4__chr4",0,0,0,0,0,0,0,1,0
"SH3PXD2A__chr10",0,0,0,0,0,0,1,0,0
"FGD5__chr3",0,1,0,0,0,0,0,0,0
"ANXA13__chr8",0,0,0,0,0,0,0,1,0
"FAM198B__chr4",0,1,0,0,0,0,0,0,0
"FAM101B__chr17",0,1,0,0,0,0,1,0,0
"RASGRP3__chr2",0,1,0,0,0,0,0,0,0
"NRP2__chr2",0,1,0,0,0,0,0,0,0
"LOC100505495__chr19",0,1,0,0,0,0,0,0,0
"LINC00152__chr2",0,0,0,0,0,0,1,0,0
"COL22A1__chr8",0,0,0,0,0,0,0,1,0
"CKAP4__chr12",0,0,0,0,0,0,1,0,0
"RFTN1__chr3",0,1,0,0,0,0,1,0,0
"RPS3A__chr4",1,1,1,1,1,1,1,0,1
"C2orf54__chr2",0,0,0,0,0,0,0,1,0
"CXCR4__chr2",0,1,0,0,0,0,0,0,0
"NEAT1__chr11",1,1,1,1,1,1,1,0,1
"A2M__chr12",0,1,0,0,0,0,1,0,0
"SH2B3__chr12",0,1,0,0,0,0,1,0,0
"CLIC2__chrX",0,1,0,0,0,0,0,0,0
"ANK3__chr10",0,0,0,0,0,0,0,1,0
"IL11__chr19",0,0,0,0,0,0,1,0,0
"ST8SIA4__chr5",0,1,0,0,0,0,0,0,0
"ANGPTL2__chr9",0,1,0,0,0,0,0,0,0
"MTHFD2__chr2",0,0,0,0,0,0,1,0,0
"ETS1__chr11",0,1,0,0,0,0,1,0,0
"QKI__chr6",0,1,0,0,0,0,1,0,0
"PASK__chr2",0,1,0,0,0,0,0,0,0
"THBD__chr20",0,1,0,0,0,0,0,0,0
"GNAI2__chr3",1,1,1,0,1,1,1,1,1
"DDIT4__chr10",0,0,0,0,0,0,1,0,0
"NCEH1__chr3",1,0,0,0,0,0,0,0,0
"ARL4C__chr2",1,0,0,0,0,0,1,0,0
"PRDM1__chr6",0,1,0,0,0,0,0,0,0
"FAM46A__chr6",1,0,1,1,1,1,1,1,1
"CDHR5__chr11",0,0,0,0,0,0,0,1,0
"LOC100132891__chr8",0,0,0,0,0,0,1,0,0
"SHMT2__chr12",0,0,0,0,0,0,1,0,0
"JAG1__chr20",0,1,0,0,0,0,0,0,0
"RGS2__chr1",0,0,1,0,0,0,0,0,0
"HES1__chr3",1,1,0,1,0,0,1,1,0
"PEBP1__chr12",1,0,1,1,1,1,1,1,1
"SULF1__chr8",0,0,0,0,0,0,1,0,0
"PRKG1__chr10",0,0,0,0,0,0,1,0,0
"SEMA3E__chr7",0,0,0,0,0,0,0,1,0
"TGFBI__chr5",0,0,0,0,0,0,1,0,0
"ENG__chr9",0,1,0,0,0,0,0,0,0
"TPBG__chr6",0,0,0,0,0,0,1,0,0
"RAPGEF4__chr2",0,1,0,0,0,0,0,0,0
"CYP1B1__chr2",0,0,0,0,0,0,1,0,0
"TM4SF5__chr17",0,0,0,0,0,0,0,1,0
"MAP3K5__chr6",0,0,0,1,0,0,0,0,0
"CYBRD1__chr2",0,0,0,0,0,0,1,0,0
"TMEM45B__chr11",0,0,0,0,0,0,0,1,0
"AFAP1L1__chr5",0,1,0,0,0,0,0,0,0
"PAG1__chr8",0,0,0,0,0,0,1,0,0
"TP53I11__chr11",0,1,0,0,0,0,0,0,0
"PDGFB__chr22",0,1,0,0,0,0,0,0,0
"ZCCHC24__chr10",0,0,0,0,0,0,1,0,0
"EFNA1__chr1",0,1,0,0,0,0,0,0,0
"PRKCDBP__chr11",0,0,0,0,0,0,1,0,0
"ID3__chr1",0,1,0,0,0,0,1,0,0
"IFI16__chr1",0,1,0,0,0,0,1,0,0
"ARAP3__chr5",0,1,0,0,0,0,0,0,0
"MCAM__chr11",0,1,0,0,0,0,0,0,0
"AGT__chr1",0,0,0,0,0,0,0,1,0
"SLCO2A1__chr3",0,1,0,0,0,0,0,0,0
"PLXNA2__chr1",0,1,0,0,0,0,0,0,0
"DCBLD2__chr3",0,0,0,0,0,0,1,0,0
"ABI3__chr17",0,1,0,0,0,0,0,0,0
"ARHGAP31__chr3",0,1,0,0,0,0,0,0,0
"ELOVL2__chr6",0,0,0,0,0,0,0,1,0
"PAPPA__chr9",0,0,0,0,0,0,1,0,0
"ST3GAL6__chr3",0,1,0,0,0,0,0,0,0
"LRRC8A__chr9",0,1,0,0,0,0,0,0,0
"NOTCH1__chr9",0,1,0,0,0,0,1,0,0
"ID1__chr20",0,1,0,0,0,0,0,0,0
"NEDD9__chr6",0,1,0,0,0,0,0,1,0
"PLOD2__chr3",0,0,0,0,0,0,1,0,0
"TUBA1A__chr12",1,1,1,0,1,1,1,1,1
"IFI27__chr14",0,1,0,0,0,0,0,0,0
"SORD__chr15",0,0,0,1,0,0,0,0,0
"ANGPT2__chr8",0,1,0,0,0,0,0,0,0
"C5orf4__chr5",0,0,0,0,0,0,0,1,0
"RND3__chr2",0,0,0,0,0,0,1,0,0
"SLC6A4__chr17",0,0,0,0,0,1,0,0,0
"CSF2RB__chr22",0,1,0,0,0,0,0,0,0
"MMP11__chr22",0,0,0,0,0,0,1,0,0
"SEPT11__chr4",0,0,0,0,0,0,1,0,0
"DIRAS2__chr9",0,0,0,0,0,0,0,1,0
"CNKSR2__chrX",0,0,0,0,0,0,0,1,0
"PGM1__chr1",0,0,0,1,0,0,0,0,0
"SCARA3__chr8",0,0,0,0,0,0,1,0,0
"PIEZO2__chr18",0,0,0,0,0,0,1,0,0
"ARHGAP23__chr17",0,1,0,0,0,0,1,0,0
"DUSP6__chr12",0,1,0,0,0,0,0,0,0
"SMIM3__chr5",0,0,0,0,0,0,1,0,0
"FGFR4__chr5",0,0,0,0,0,0,0,1,0
"ANTXR2__chr4",0,0,0,0,0,0,1,0,0
"ACSL1__chr4",0,0,0,0,0,0,0,1,0
"SMAD6__chr15",0,1,0,0,0,0,0,0,0
"MIR143HG__chr5",0,0,0,0,0,0,1,0,0
"SPRY4__chr5",0,1,0,0,0,0,0,0,0
"EHD4__chr15",0,1,0,0,0,0,0,0,0
"LAPTM4A__chr2",1,1,1,1,1,1,1,0,1
"NRARP__chr9",0,1,0,0,0,0,0,0,0
"SYNJ2__chr6",0,0,0,0,0,0,1,1,0
"ARVCF__chr22",0,0,0,0,0,0,0,1,0
"CCL2__chr17",1,0,0,0,0,0,0,0,0
"EHD2__chr19",0,0,0,0,0,0,1,0,0
"MSRB3__chr12",0,0,0,0,0,0,1,0,0
"SERPINF1__chr17",0,0,0,0,0,0,1,0,0
"CLEC2B__chr12",0,1,0,0,0,0,0,0,0
"WARS__chr14",0,0,0,0,0,0,1,0,0
"GPNMB__chr7",0,0,0,0,0,0,1,0,0
"TSPAN14__chr10",0,1,0,0,0,0,0,0,0
"MAST4__chr5",1,1,1,1,1,1,0,1,1
"VTN__chr17",0,0,0,0,0,0,0,1,0
"ADAMTS4__chr1",0,1,0,0,0,0,0,0,0
"HEY1__chr8",0,1,0,0,0,0,0,0,0
"MAP9__chr4",1,0,1,1,1,1,1,1,1
"CCDC71L__chr7",0,0,0,0,0,0,1,0,0
"PNP__chr14",0,1,0,0,0,0,0,0,0
"CD109__chr6",0,0,0,0,0,0,0,1,0
"SACS__chr13",0,0,0,0,0,0,1,0,0
"HADHA__chr2",1,1,1,1,1,1,1,0,1
"EFNB2__chr13",0,1,0,0,0,0,0,0,0
"PLEKHO1__chr1",0,1,0,0,0,0,0,0,0
"FAM114A1__chr4",0,0,0,0,0,0,1,0,0
"STEAP1__chr7",0,0,0,0,0,0,1,0,0
"SPRED1__chr15",0,1,0,0,0,0,1,0,0
"GLTSCR2__chr19",0,0,0,1,0,0,0,0,0
"BDKRB2__chr14",0,1,0,0,0,0,0,0,0
"KCNE4__chr2",0,0,0,0,0,0,1,0,0
"ARHGAP29__chr1",0,1,0,0,0,0,0,0,0
"CDK2AP1__chr12",0,1,0,0,0,0,1,0,0
"PROSER2__chr10",0,1,0,0,0,0,0,0,0
"SSH1__chr12",0,0,0,0,0,0,1,0,0
"RCN1__chr11",0,0,0,0,0,0,1,0,0
"SEC14L1__chr17",0,1,0,0,0,0,0,0,0
"EPAS1__chr2",0,1,0,0,0,0,0,0,0
"GUCY1A2__chr11",0,0,0,0,0,0,1,0,0
"DLC1__chr8",0,1,0,0,0,0,0,0,0
"GARS__chr7",0,0,0,0,0,0,1,0,0
"GMFG__chr19",0,1,0,0,0,0,0,0,0
"TFRC__chr3",1,0,0,0,0,0,0,0,0
"STK17B__chr2",0,0,0,0,0,0,1,0,0
"TNS3__chr7",0,0,0,0,0,0,1,0,0
"PLEKHG1__chr6",0,1,0,0,0,0,0,0,0
"CSGALNACT2__chr10",0,0,0,0,0,0,1,0,0
"SNTA1__chr20",0,0,0,0,0,0,0,1,0
"SH3PXD2B__chr5",0,0,0,0,0,0,1,0,0
"VWA1__chr1",0,1,0,0,0,0,0,0,0
"ABCC6__chr16",0,0,0,0,0,0,0,1,0
"G6PD__chrX",0,0,0,0,0,0,1,0,0
"FAM43A__chr3",0,1,0,0,0,0,0,0,0
"RHOBTB3__chr5",1,0,1,1,1,1,1,0,1
"NIN__chr14",0,1,0,0,0,0,1,0,0
"GPX7__chr1",0,0,0,0,0,0,1,0,0
"SET__chr9",1,1,1,1,1,1,1,0,1
"TMEM173__chr5",0,1,0,0,0,0,0,0,0
"PTK7__chr6",0,0,0,0,0,0,1,0,0
"WNK2__chr9",0,0,0,0,0,0,0,1,0
"KDELR1__chr19",1,1,1,1,1,1,1,0,1
"LUZP1__chr1",0,1,0,0,0,0,0,0,0
"STC1__chr8",0,1,0,0,0,0,0,0,0
"SEC23A__chr14",0,0,0,0,0,0,1,0,0
"RGS10__chr10",0,0,0,0,0,0,1,0,0
"FRMD4A__chr10",0,1,0,0,0,0,0,0,0
"ELK3__chr12",0,1,0,0,0,0,0,0,0
"CTSL1__chr9",0,0,0,0,0,0,1,0,0
"SPATA6L__chr9",0,0,0,0,0,0,0,1,0
"MFSD6__chr2",1,1,1,1,1,1,0,1,1
"JARID2__chr6",0,1,0,0,0,0,1,0,0
"SWAP70__chr11",0,1,0,0,0,0,0,0,0
"DSE__chr6",0,0,0,0,0,0,1,0,0
"CYP1A1__chr15",0,1,0,0,0,0,0,0,0
"KIAA1147__chr7",0,1,0,0,0,0,0,1,0
"ANKRD11__chr16",0,1,0,0,0,0,1,0,0
"ARHGDIB__chr12",0,1,0,0,0,0,0,0,0
"DOCK4__chr7",0,1,0,0,0,0,0,0,0
"CHST11__chr12",0,1,0,0,0,0,1,0,0
"VSTM4__chr10",0,0,0,0,0,0,1,0,0
"CRY2__chr11",0,0,0,0,0,0,0,1,0
"MEF2C__chr5",0,1,0,0,0,0,0,0,0
"MARVELD2__chr5",0,0,0,0,0,0,0,1,0
"RELL1__chr4",0,1,0,0,0,0,0,0,0
"SOCS3__chr17",0,1,0,0,0,0,0,0,0
"ZDHHC8P1__chr22",0,0,0,0,0,0,0,1,0
"CST3__chr20",1,0,1,1,1,1,1,1,1
"MX2__chr21",0,0,0,0,0,0,0,1,0
"ZBTB38__chr3",0,0,0,0,0,0,1,0,0
"SLC26A4__chr7",0,0,0,0,0,0,0,1,0
"LIFR__chr5",0,1,0,0,0,0,0,0,0
"GATA2__chr3",0,1,0,0,0,0,0,0,0
"LRRC8C__chr1",0,1,0,0,0,0,0,0,0
"SLC3A2__chr11",1,1,1,1,1,0,1,0,1
"NAP1L1__chr12",1,1,1,1,1,1,1,0,1
"PEAK1__chr15",0,0,0,0,0,0,1,0,0
"ITGB1BP1__chr2",0,0,0,0,0,0,1,0,0
"MRAS__chr3",0,0,0,0,0,0,1,0,0
"UPP1__chr7",0,1,0,0,0,0,0,0,0
"MEGF6__chr1",0,0,0,0,0,0,0,1,0
"BMPR2__chr2",0,1,0,0,0,0,0,0,0
"FHOD1__chr16",0,1,0,0,0,0,0,0,0
"NUAK1__chr12",0,0,0,0,0,0,0,1,0
"VPS35__chr16",1,1,1,1,1,1,1,0,1
"RNF128__chrX",1,0,1,1,1,1,0,1,1
"SCARB2__chr4",1,0,1,1,1,1,1,1,1
"PHKA2__chrX",0,0,0,0,0,0,0,1,0
"SMAD7__chr18",0,1,0,0,0,0,0,0,0
"ATXN1__chr6",0,0,0,0,0,0,1,0,0
"LARP6__chr15",0,0,0,0,0,0,1,0,0
"FGD6__chr12",0,0,0,0,0,0,0,1,0
"SLC38A10__chr17",0,0,0,0,0,0,0,1,0
"PKP4__chr2",0,1,0,0,0,0,0,0,0
"LEPREL4__chr17",0,0,0,0,0,0,1,0,0
"SPG20__chr13",0,0,0,0,0,0,1,0,0
"NAAA__chr4",0,0,0,0,0,0,0,1,0
"FOS__chr14",1,1,1,1,1,1,0,1,1
"LPAR6__chr13",0,1,0,0,0,0,0,0,0
"KTN1__chr14",1,1,1,1,1,1,1,0,1
"AP2M1__chr3",0,0,0,0,0,0,1,0,0
"RANBP2__chr2",1,1,1,1,1,1,1,0,1
"C14orf1__chr14",0,0,0,0,0,0,0,1,0
"NIPSNAP1__chr22",0,0,0,0,0,0,0,1,0
"CDK4__chr12",0,0,0,0,0,0,1,0,0
"PSMD11__chr17",1,1,1,1,1,1,1,0,1
"HNRNPM__chr19",1,1,1,1,1,1,1,0,1
"ADARB1__chr21",0,1,0,0,0,0,0,0,0
"TSC22D1__chr13",0,1,0,0,0,0,0,0,0
"TRIM28__chr19",1,1,1,1,1,1,1,0,1
"CDKN2A__chr9",0,0,0,0,0,0,0,1,0
"FZD4__chr11",0,1,0,0,0,0,0,0,0
"DGKD__chr2",0,1,0,0,0,0,0,0,0
"CRYL1__chr13",0,0,0,0,0,0,0,1,0
"SRGN__chr10",0,1,0,0,0,0,0,0,0
"TBC1D8__chr2",0,1,0,0,0,0,0,0,0
"KPNB1__chr17",1,1,1,1,1,1,1,0,1
"SOX13__chr1",0,0,0,0,0,0,0,1,0
"ARHGEF26__chr3",0,0,0,0,0,0,0,1,0
"HECTD1__chr14",1,1,1,1,1,1,1,0,1
"SFPQ__chr1",1,1,1,1,1,1,1,0,1
"PHLDA2__chr11",0,0,0,0,0,0,0,1,0
"GBP4__chr1",0,1,0,0,0,0,0,0,0
"ICAM1__chr19",0,1,0,0,0,0,0,0,0
"KBTBD2__chr7",0,1,0,0,0,0,0,0,0
"EFNB1__chrX",0,1,0,0,0,0,0,0,0
"HIP1__chr7",0,1,0,0,0,0,0,0,0
"FLII__chr17",0,0,0,0,0,0,0,1,0
"CD40__chr20",0,1,0,0,0,0,0,0,0
"PGM2__chr4",0,1,0,0,0,0,0,0,0
"PHLPP2__chr16",0,0,0,0,0,0,0,1,0
"SF1__chr11",1,1,1,1,1,1,1,0,1
"C20orf112__chr20",0,1,0,0,0,0,0,0,0
"MSRB2__chr10",0,0,0,0,0,0,0,1,0
"ARFGEF2__chr20",1,1,1,1,1,1,1,0,1
"NCDN__chr1",0,0,0,0,0,0,0,1,0
"DDB1__chr11",1,1,1,1,1,1,1,0,1
"GNB5__chr15",0,0,0,0,0,0,0,1,0
"PVRL1__chr11",0,0,0,0,0,0,0,1,0
"SERTAD2__chr2",0,0,0,0,0,0,0,1,0
"ACOT7__chr1",0,0,0,0,0,0,0,1,0
"DDX3X__chrX",1,1,1,1,1,1,1,0,1
"DHX35__chr20",0,0,0,0,0,0,0,1,0
"FKBP3__chr14",1,1,1,1,1,1,1,0,1
"KLHDC10__chr7",1,1,1,1,1,1,1,0,1
"DHX9__chr1",1,1,1,1,1,1,1,0,1
"TRMT10B__chr9",0,0,0,0,0,0,0,1,0
"SPG21__chr15",1,1,1,1,1,1,1,0,1
"GK5__chr3",0,0,0,0,0,0,0,1,0
"G3BP2__chr4",1,1,1,1,1,1,1,0,1
"BMP7__chr20",0,0,0,0,0,0,0,1,0
"SPG7__chr16",0,1,0,0,0,0,0,0,0
"PIGK__chr1",0,0,0,0,0,0,0,1,0
"RAPGEF1__chr9",0,1,0,0,0,0,0,0,0
"PEX16__chr11",0,0,0,0,0,0,0,1,0
"SMIM11__chr21",0,0,0,0,0,0,0,1,0
"KIAA0355__chr19",0,1,0,0,0,0,0,0,0
"API5__chr11",1,1,1,1,1,1,1,0,1
"BRWD1__chr21",1,1,1,1,1,1,1,0,1
"RILPL2__chr12",0,1,0,0,0,0,0,0,0
"RAD23B__chr9",1,1,1,1,1,1,1,0,1
"ADAT1__chr16",0,0,0,0,0,0,0,1,0
"PXN__chr12",0,1,0,0,0,0,0,0,0
"GALNS__chr16",0,0,0,0,0,0,0,1,0
"ZNF655__chr7",1,0,1,1,1,1,1,1,1
"CEP350__chr1",1,1,1,1,1,1,1,0,1
"IKZF3__chr17",0,0,0,0,0,0,0,1,0
"SNRK__chr3",0,1,0,0,0,0,0,0,0
"TMEM128__chr4",0,0,0,0,0,0,0,1,0
"ZNF638__chr2",1,1,1,1,1,1,1,0,1
"RAB14__chr9",1,1,1,1,1,1,1,0,1
"ADK__chr10",0,0,0,0,0,0,0,1,0
"C19orf54__chr19",0,0,0,0,0,0,0,1,0
"RBM34__chr1",0,0,0,0,0,0,0,1,0
"SLTM__chr15",1,1,1,1,1,1,1,0,1
"POU2F1__chr1",0,0,0,0,0,0,0,1,0
"SDF4__chr1",0,0,0,0,0,0,0,1,0
"PIGM__chr1",0,0,0,0,0,0,0,1,0
"IFT52__chr20",0,0,0,0,0,0,0,1,0
"YARS2__chr12",0,0,0,0,0,0,0,1,0
"RIOK3__chr18",0,0,0,0,0,0,0,1,0
